    ABADUE, 31.563, 44.508, 3.950, Fdd2
    ABUMIX, 23.500, 3.725, 22.500, C2/c
    ACBUOL, 27.552, 4.995, 29.122, C2/c
    ACEPIK, 39.972, 5.390, 42.198, C2/c
    ACIHEB, 21.713, 4.155, 23.567, C2/c
    ACOHIN, 24.976, 30.150, 4.547, P21212
    ACOWIC, 29.870, 34.755, 3.712, Cm
  ACPYRI01, 32.060, 3.804, 21.302, C2/c
    ADIKAA, 20.245, 4.021, 20.245, P21/c
    ADIKIK, 22.492, 3.945, 20.893, P2/c
  ADNCHG10, 23.990, 4.245, 25.980, P21/c
    ADUFOX, 22.181, 3.374, 16.996, Pna21
    AFAJEZ, 46.504, 46.504, 4.882, R-3
    AFOLUD, 28.887, 32.733, 4.928, Fdd2
  AFOLUD01, 28.887, 32.733, 4.928, Fdd2
    AFOPOD, 35.567, 5.733, 33.199, C2
    AGINAI, 4.272, 30.796, 31.895, P21/c
    AGINOW, 25.902, 4.017, 29.044, I2/a
    AGINUC, 31.156, 4.358, 34.404, Pna21
    AHAKAY, 41.508, 41.508, 5.582, I41/a
  AHAKAY01, 41.508, 41.508, 5.582, I41/a
    AHIDIE, 26.502, 5.143, 44.366, C2/c
    AJIBUS, 35.203, 4.925, 30.419, Pca21
    AJOVEB, 40.024, 40.024, 7.720, R-3
    AKEYAT, 24.633, 55.062, 4.662, Fdd2
    AKUPOM, 35.530, 35.530, 5.436, R-3
  ALABUK02, 31.397, 3.918, 21.798, C2/c
    ALAHIG, 25.811, 4.034, 22.133, Pna21
    ALICEE, 19.916, 19.916, 3.224, I4122
    ALICII, 20.739, 20.739, 3.346, I4122
    ALILOY, 32.013, 4.658, 25.009, C2/c
    ALISOD, 31.934, 31.934, 5.819, R-3
    AMAGAX, 43.571, 43.571, 7.718, R-3
    AMAHIF, 40.097, 40.097, 6.239, R-3
  AMBNAC03, 25.500, 27.160, 3.850, Unknown
    AMBRCD, 26.264, 3.862, 21.564, C2/c
    AMEBUP, 33.191, 4.037, 24.876, C2/c
    AMIFEJ, 31.465, 29.663, 5.379, Fdd2
  ANTHON10, 20.900, 3.860, 33.200, P21/c
    APHSYD, 19.852, 3.805, 20.848, P21/n
    APINEV, 32.300, 32.300, 3.920, R3
    APIYOP, 29.840, 85.630, 5.440, Fdd2
    AQAXAT, 43.610, 6.059, 33.754, C2/c
    AQEPIX, 28.138, 28.138, 4.445, R3
    AQIJIV, 24.295, 3.852, 25.488, P21/n
  AQIJIV01, 24.317, 3.808, 25.459, P21/n
    ARAYIE, 26.866, 4.541, 23.698, C2/c
    ARICIO, 25.484, 25.484, 4.979, R3
    ARIJIX, 28.206, 29.985, 3.710, Fdd2
    ASIHUF, 30.154, 4.052, 39.317, I2/a
    ASOZOY, 21.662, 4.006, 21.773, C2/c
    ASUMEG, 30.764, 4.922, 26.335, C2/c
    ATABIJ, 29.512, 3.694, 24.579, P21/c
    ATABOP, 29.520, 3.672, 24.651, P21/c
    ATABUV, 29.718, 3.692, 24.790, P21/c
    ATEGAK, 36.337, 39.615, 4.311, Fdd2
    ATIJUJ, 41.287, 41.287, 6.263, R-3
    AVEBIP, 43.462, 40.812, 3.713, Fdd2
    AWEVUV, 19.090, 3.808, 27.347, P21/c
    AXUSUJ, 28.065, 36.966, 4.271, Fdd2
    AYEMEX, 28.016, 42.400, 5.013, Fdd2
    AYIQEH, 28.290, 3.905, 20.264, P21/c
    AYITIO, 37.561, 37.561, 6.003, R-3
    AYIZIT, 3.875, 21.016, 27.461, P21/n
    AYOLAE, 36.575, 4.660, 25.037, C2/c
  AYOLAE01, 36.335, 4.700, 24.950, C2/c
    AYOYIX, 19.487, 3.661, 20.245, C2/c
    AYUQEQ, 24.108, 4.732, 25.337, I2/a
    AYUWAV, 4.011, 20.981, 25.560, P21/c
    BADCAN, 50.132, 50.132, 5.798, P65
  BADPEB01, 44.942, 5.638, 31.206, C2
    BADTEJ, 28.054, 4.735, 33.624, C2/c
    BAGHUQ, 3.762, 24.323, 41.416, Pnnn
  BAGHUQ01, 47.501, 47.501, 7.417, I41/acd
    BALDUO, 41.854, 44.000, 6.927, Fdd2
    BAMZAU, 24.866, 61.007, 4.605, Fdd2
    BAMZEY, 24.320, 4.533, 31.963, C2/c
  BAMZUN02, 18.154, 18.154, 3.552, R-3
    BANFAZ, 38.108, 3.838, 21.281, C2/c
    BANFED, 20.351, 3.788, 21.243, P21/n
    BANHEG, 46.550, 3.988, 21.466, C2/c
    BARJUA, 3.683, 19.596, 29.829, P-1
    BASKUD, 22.651, 3.925, 31.240, P21/n
  BATCAA01, 7.700, 67.700, 63.500, Bbmb
    BATVEA, 35.831, 20.287, 3.652, Fdd2
    BAVKOB, 37.196, 37.196, 5.446, R-3
    BAYMEX, 25.419, 25.419, 4.813, R-3m
    BAYMUN, 51.801, 21.872, 3.882, C2/m
    BBPROM, 26.140, 33.930, 4.760, P212121
    BEDFID, 21.612, 30.067, 3.944, Fdd2
  BEDVEO01, 4.760, 24.170, 27.970, P-1
    BEDYIU, 32.784, 55.441, 3.956, Fdd2
  BEDYIU01, 32.700, 54.690, 4.110, Fdd2
  BEDYIU02, 33.289, 55.516, 4.147, Fdd2
  BEDYIU03, 33.304, 55.930, 4.149, Fdd2
  BEDYIU04, 32.770, 54.920, 3.980, Fdd2
  BEDYIU05, 32.866, 55.554, 3.944, Fdd2
  BEDYIU06, 32.860, 55.549, 3.946, Fdd2
  BEDYIU07, 32.850, 55.573, 3.948, Fdd2
  BEDYIU08, 32.849, 55.562, 3.948, Fdd2
  BEDYIU09, 32.848, 55.548, 3.950, Fdd2
  BEDYIU10, 32.833, 55.503, 3.955, Fdd2
  BEDYIU11, 32.827, 55.484, 3.958, Fdd2
  BEDYIU12, 32.821, 55.506, 3.959, Fdd2
  BEDYIU13, 32.797, 55.453, 3.967, Fdd2
  BEDYIU14, 32.788, 55.443, 3.969, Fdd2
  BEDYIU15, 32.787, 55.448, 3.970, Fdd2
  BEDYIU16, 32.770, 55.439, 3.975, Fdd2
  BEDYIU17, 32.765, 55.435, 3.977, Fdd2
    BEFKAB, 32.751, 38.485, 4.663, Fdd2
    BEGNAF, 26.105, 3.755, 23.908, C2/c
    BEGVOY, 3.799, 19.940, 25.874, Pbc21
    BEJMIQ, 20.489, 3.935, 21.140, P21/c
    BEJXEX, 29.362, 29.362, 5.411, P65
    BEKTUG, 30.160, 30.160, 3.540, P6
    BEPRUN, 22.212, 3.984, 25.533, P21
    BEQFEK, 43.939, 43.939, 8.539, I41/a
    BEQGIN, 28.299, 4.993, 29.137, C2/c
  BEQGIN01, 27.997, 4.918, 28.971, C2/c
  BEQGIN02, 28.502, 5.051, 29.231, C2/c
  BEQGIN03, 28.301, 4.998, 29.154, C2/c
  BEQGIN04, 27.906, 4.886, 28.927, C2/c
  BEQGIN05, 28.201, 4.972, 29.106, C2/c
  BEQGIN06, 27.844, 4.867, 28.892, C2/c
    BEQGOW, 37.437, 37.437, 6.049, R-3
    BEVFER, 48.330, 28.302, 3.838, Pban
  BEVFER01, 52.040, 97.015, 3.797, Fddd
    BEVFIV, 38.629, 32.690, 3.861, Pban
    BEVXOP, 25.590, 4.876, 28.326, I2/a
  BEVXOP10, 25.259, 4.876, 28.326, I2/a
  BEYDAO01, 38.723, 38.723, 7.203, R3c
    BHPNPH, 33.550, 4.720, 31.110, C2/c
    BICLEG, 25.558, 4.524, 23.971, C2/c
    BIJDIH, 35.980, 5.946, 35.530, P21/c
    BIJQAN, 35.666, 41.898, 4.188, Fdd2
    BIKFIK, 4.325, 33.020, 43.390, Cmca
    BIKGIM, 31.086, 31.086, 4.654, R3m
    BIKPET, 33.377, 33.377, 4.975, P63
    BIKYOM, 40.424, 6.988, 44.765, I2/a
  BIKYOM01, 40.424, 6.988, 44.765, I2/a
    BIMDOR, 41.663, 41.663, 7.843, R-3
    BINREY, 35.272, 4.717, 24.636, C2/c
  BINREY01, 35.272, 4.717, 24.636, C2/c
    BIPTDZ, 20.842, 3.977, 21.120, P21/c
    BIRWII, 52.144, 52.144, 9.171, R-3
    BISYEH, 28.950, 41.552, 5.099, Fdd2
  BITSAY04, 25.190, 3.850, 25.460, Cc
  BITSAY05, 25.206, 3.848, 25.040, C2/c
    BITVIJ, 33.810, 33.810, 6.065, I41/a
    BIWRAB, 37.362, 7.341, 37.814, Ia
    BIYYUF, 42.240, 55.300, 6.440, Fdd2
    BIZCIY, 27.104, 3.804, 27.047, C2/c
    BMFXZP, 26.740, 5.138, 38.220, C2/c
    BOBWUN, 34.319, 34.319, 6.786, R-3
    BOJYIL, 33.976, 33.976, 4.607, R-3
    BOMVIL, 49.238, 6.095, 45.994, C2
    BOPFOC, 31.875, 3.987, 22.322, C2/c
    BOSVEK, 38.260, 38.260, 5.605, R3
  BOSVEK01, 38.260, 38.260, 5.605, R-3
  BOSVEK02, 38.529, 38.529, 5.669, R3
    BOTYUE, 22.897, 3.948, 30.398, Pna21
    BOWMEH, 32.154, 4.870, 25.326, C2/c
    BOWWAL, 36.000, 36.000, 5.430, R-3
    BOXGAW, 31.276, 3.782, 21.663, Pa
  BOXGAW01, 31.276, 3.782, 21.663, P21/a
    BOXSIT, 52.642, 6.055, 36.419, C2/c
    BOXSOZ, 36.435, 5.943, 47.086, I2/c
    BOXXEU, 29.380, 4.594, 23.618, I2/a
    BOYSAM, 37.551, 42.477, 5.902, Fdd2
    BOZFOM, 34.605, 4.486, 27.185, C2/c
  BRABZA01, 22.380, 19.460, 3.880, Pman
    BUBWAY, 4.330, 24.657, 24.592, P21/c
    BUCHUE, 25.759, 3.721, 22.610, P21/c
    BUCKAN, 27.696, 3.685, 21.599, Pca21
    BUGXEI, 45.269, 45.269, 6.942, R-3
    BUHKOG, 24.392, 4.019, 24.609, I2/c
    BUHYIP, 43.268, 6.759, 40.361, I2/a
  BUNDEC10, 47.100, 5.260, 31.140, P21
    BURJON, 37.600, 37.600, 5.140, R-3
    BUTHIJ, 34.726, 4.299, 41.223, C2/c
    BUWQAM, 32.472, 6.270, 36.429, I2/a
  BXPQUX10, 39.931, 26.864, 4.471, Fdd2
  BZAMID13, 28.391, 34.863, 5.135, Fdd2
    CABJAU, 41.202, 41.202, 4.951, R3
    CABMOL, 40.200, 45.720, 4.580, Fdd2
    CAGGIE, 22.570, 3.847, 28.862, P21/c
    CAGPUV, 28.094, 28.094, 3.838, I41/a
  CAGPUV01, 27.934, 27.934, 3.766, I41/a
    CAGYIT, 25.169, 3.969, 30.130, C2/c
  CAGYIT01, 25.310, 3.976, 30.244, C2/c
  CAGYIT02, 25.310, 3.976, 30.244, C2/c
    CAHLUW, 21.828, 3.874, 28.930, Pna21
    CAJXES, 41.898, 41.898, 7.197, R3c
    CAKZOG, 36.172, 4.314, 21.587, C2/c
  CANDUR03, 35.975, 35.975, 5.291, R-3
    CAQPIX, 43.507, 3.846, 26.018, C2/c
    CASTUO, 34.841, 34.841, 5.566, R3
  CASTUO01, 34.841, 34.841, 5.566, R3
    CATVEB, 27.686, 27.686, 3.768, P4/n
    CAVBUA, 32.268, 32.268, 6.194, P65
  CBMZPN03, 35.454, 35.454, 5.253, R-3
    CEBJUR, 24.166, 3.833, 26.768, P21/c
    CEFDID, 31.951, 31.951, 4.830, I-4
    CEJWUL, 37.421, 5.056, 40.141, C2/c
    CEJXIC, 29.251, 4.108, 22.384, Pca21
    CENYON, 37.777, 44.573, 3.628, Fdd2
    CEPGEJ, 33.463, 35.077, 4.045, Fdd2
    CEPHNA, 38.880, 4.990, 25.650, C2
    CEPHNB, 36.254, 4.845, 28.194, C2221
    CEPMUG, 32.896, 32.896, 4.819, R3
    CEQKOB, 25.764, 4.548, 25.231, P21/c
    CEQLAO, 38.332, 47.044, 4.568, Fdd2
    CEQLES, 25.034, 4.538, 25.764, I2/a
    CERKUJ, 38.921, 38.921, 7.592, R-3
    CERLIV, 27.789, 4.014, 21.457, C2/c
    CETPEW, 46.220, 3.732, 22.860, C2/c
  CETPEW10, 46.220, 3.732, 22.860, C2/c
    CEVHOC, 36.711, 36.711, 6.533, I4
    CEWTEF, 37.236, 5.115, 27.545, C2/c
    CEYPAA, 26.324, 3.842, 35.911, I2/a
    CEZSOT, 27.100, 27.100, 4.549, P42/n
    CIBBOH, 30.059, 30.059, 5.937, I-4
    CIBBUN, 30.168, 30.168, 6.019, I-4
    CIDDAV, 26.709, 25.884, 3.779, Pnma
    CIJKAJ, 46.670, 5.567, 59.390, P21/n
    CIKBII, 25.648, 3.826, 24.790, P2/c
    CILHAG, 25.725, 27.890, 3.856, B112/b
    CIMBOP, 25.123, 3.947, 26.107, Pna21
    CIRNUO, 48.298, 6.610, 37.169, C2/c
    CIRREA, 20.033, 3.956, 20.578, I2/a
    CIRREC, 24.488, 3.788, 38.480, P21/c
    CISNOH, 25.423, 4.999, 45.234, C2/c
    CIWPOO, 31.343, 31.343, 3.926, R-3
    CIWYAJ, 27.613, 26.404, 4.431, Fdd2
    CIXMED, 30.773, 4.010, 25.039, C2/c
    CIXNEE, 36.159, 5.754, 33.119, C2/c
    CIYMEF, 23.323, 3.832, 31.479, C2/c
  CIYMEF01, 23.323, 3.832, 31.479, C2/c
  CIYMEF02, 23.417, 3.891, 31.503, C2/c
    CIZLOP, 34.180, 4.097, 31.190, C2/c
  CLAMPL02, 34.110, 4.897, 39.450, C2
    CMBTDZ, 32.033, 3.921, 26.969, C2/c
    COCXUN, 46.058, 3.796, 21.834, C2/c
    COJNEX, 35.262, 38.696, 4.536, Fdd2
    COKJAQ, 50.208, 24.264, 4.527, Fdd2
    COPFEU, 38.129, 38.129, 5.714, R-3
  COPTCY03, 25.400, 3.770, 24.600, Unknown
    COQVOT, 21.707, 21.707, 3.989, I41/a
    COQWAG, 21.703, 21.703, 3.968, I41/a
    COQWEK, 22.192, 22.192, 3.871, I41/a
    COQWUA, 21.720, 21.720, 4.112, I41/a
    COQXAH, 21.683, 21.683, 4.025, I41/a
  COQXAH01, 21.653, 21.653, 4.023, I41/a
    COQXEL, 24.229, 3.798, 22.801, I2/a
    COQYAI, 21.906, 21.906, 3.870, I41/a
    COQYEM, 22.947, 22.947, 3.950, I41/a
    CORXAI, 25.880, 3.807, 19.975, P21/c
  CORXAI10, 25.780, 3.807, 19.975, P21/c
    COSWIS, 31.114, 31.114, 5.455, R-3
    COTKIH, 47.097, 47.097, 3.835, R-3
    COVQIQ, 55.002, 8.922, 48.277, C2/c
    COWLAD, 41.299, 41.299, 5.388, R3
    COWZIA, 35.192, 32.902, 3.782, C2/m
    COXKOS, 54.659, 5.869, 29.385, C2/c
    COXNOU, 38.589, 38.589, 6.484, P65
    COYJUX, 3.716, 24.686, 21.803, P21/c
    COYLAG, 33.509, 5.796, 34.225, I2/a
  COYLAG01, 33.509, 5.796, 34.225, I2/a
    COYXAS, 39.852, 39.852, 4.543, R-3
    COZQEQ, 29.647, 29.647, 5.598, I4
    CUFQOM, 24.086, 3.789, 24.230, C2/c
  CUFQOM01, 24.086, 3.789, 24.230, C2/c
    CUGLIB, 28.503, 28.503, 3.538, I-42d
    CUGYEK, 29.415, 29.415, 3.525, I41/amd
    CUGYIO, 28.708, 28.708, 3.525, I-42d
    CUGYOU, 29.634, 29.634, 3.491, I41/amd
    CUGYUA, 19.455, 19.455, 3.534, P-4n2
    CUGZAH, 29.419, 29.419, 3.556, I41/amd
    CUHPZO, 24.171, 3.761, 21.553, C2/c
  CUIMDZ01, 27.559, 27.559, 5.387, R-3
    CUNFIB, 4.166, 26.587, 24.096, P21/c
    CUNHEY, 23.181, 4.541, 22.842, C2/c
  CUPOCY01, 25.900, 3.800, 24.700, Unknown
  CUPOCY15, 26.333, 3.813, 23.712, C2/n
    CUSWIX, 5.860, 31.829, 40.783, F2dd
    CUVGEI, 67.498, 67.498, 10.846, R-3
  CUWPES01, 27.986, 4.615, 24.046, C2/c
    CUZYEE, 29.740, 4.641, 34.041, C2/c
  CXPMSO01, 32.244, 32.244, 4.790, R-3
    CYNCUB, 26.900, 3.800, 25.600, Unknown
    DABBIT, 24.445, 36.787, 4.577, Fdd2
    DADTEJ, 24.956, 4.293, 31.007, Cc
    DAGZIX, 27.674, 4.256, 24.010, C2/c
    DALHIL, 28.890, 5.586, 28.523, P21/c
    DALJEJ, 28.413, 4.957, 25.995, C2/c
    DAMSAM, 29.303, 29.303, 4.046, I41md
    DAMZOJ, 4.447, 39.390, 31.168, C2/c
    DAPHET, 22.990, 36.609, 3.711, Fdd2
  DAPHET01, 22.990, 36.609, 3.711, Fdd2
    DAPJEM, 29.002, 4.033, 20.711, P21/c
  DAPSUO18, 29.340, 5.841, 30.272, P21/n
    DAQZEB, 29.210, 3.809, 23.250, C2/c
    DATKUG, 23.440, 21.790, 3.776, Fdd2
    DATNIV, 30.160, 4.050, 23.410, Unknown
  DATNIV10, 30.161, 4.046, 23.414, C2/c
    DAVPOH, 27.392, 4.730, 23.686, C2/c
    DAZXUB, 3.937, 28.791, 23.060, P21/c
  DBFOXF10, 3.912, 20.406, 20.271, P21/c
    DCLPHM, 26.270, 26.270, 3.859, I41/a
  DCLPHM01, 26.127, 26.127, 3.793, I41/a
  DCLPHM02, 26.186, 26.186, 3.814, I41/a
  DCLPHM03, 26.251, 26.251, 3.852, I41/a
    DCPHOL, 20.880, 20.880, 3.975, P31
    DCPHOM, 40.150, 3.873, 30.260, C2/c
    DEBJAZ, 4.704, 28.612, 26.788, Pbcm
    DEDCEY, 31.857, 31.857, 4.040, P42212
    DEDCIC, 31.850, 31.850, 4.065, P42212
    DEFVES, 19.853, 19.853, 3.941, R3m
    DEGTAL, 29.891, 4.562, 23.470, C2/c
    DEHPAK, 33.094, 33.094, 4.640, I-4
    DEKGAD, 46.586, 46.586, 8.871, R-3
    DELMAJ, 41.528, 3.799, 26.545, C2/c
  DELMAJ01, 41.528, 3.799, 26.545, C2/c
    DEMCEE, 42.524, 42.524, 8.427, R-3
    DEMRUL, 26.198, 3.984, 27.569, C2/c
    DEMSOH, 41.314, 7.500, 37.852, C2/c
    DEPJIV, 3.748, 22.281, 22.312, P-1
    DEQLAM, 33.120, 33.120, 6.440, P-3
    DEVCIT, 46.342, 47.608, 7.006, Fdd2
    DEXGUL, 28.960, 28.960, 5.695, P32
    DEYTIN, 26.151, 3.886, 21.394, Pca21
  DHANQU04, 21.578, 3.766, 24.683, Pca21
    DHYANT, 21.040, 3.750, 20.120, Pa
  DHYANT01, 20.059, 3.685, 21.004, P21/c
    DIHBAA, 51.797, 51.797, 6.559, R-3
    DIMPUK, 20.490, 3.957, 21.477, C2/c
  DIMPUK10, 20.490, 3.957, 21.477, C2/c
    DINFEN, 27.571, 4.863, 33.133, C2/c
  DINFEN01, 27.571, 4.863, 33.133, C2/c
    DIPSIA, 19.700, 19.700, 3.710, Pbam
    DIPSIB, 31.020, 54.820, 3.700, Unknown
  DISQIG01, 24.824, 4.252, 22.746, Pca21
    DIVXAI, 36.964, 36.964, 7.285, R-3
    DIWVOW, 22.107, 3.715, 33.336, C2/c
    DIWVUC, 28.226, 3.776, 27.100, C2/c
    DIYSIQ, 8.227, 41.480, 53.185, P21/c
    DMHNIC, 29.290, 29.290, 5.780, R3
    DMXNPY, 24.314, 24.314, 4.005, R-3
    DOCPET, 3.886, 20.376, 20.703, P-1
    DOGNOE, 29.833, 29.833, 3.621, P6/m
    DOKQUR, 36.646, 5.975, 38.071, P21/c
    DOKRIF, 31.684, 6.224, 37.901, C2/c
    DOLBAI, 26.652, 26.652, 4.424, P42/n
    DOLMIA, 24.780, 3.978, 22.650, C2/c
    DOMZOW, 41.184, 41.184, 6.485, P3
    DONJEV, 23.793, 3.852, 27.004, P21/c
    DOPMOK, 46.670, 3.556, 22.920, Unknown
  DOPMOK01, 46.810, 3.617, 23.083, C2/c
  DOPMOK02, 46.800, 3.615, 23.104, C2/c
  DOPMOK03, 46.703, 3.596, 23.085, C2/c
  DOPMOK04, 46.490, 3.553, 22.920, P-1
  DOPMOK05, 46.688, 3.605, 23.054, P-1
  DOPMOK06, 46.790, 3.608, 23.109, C2/c
    DOPQAC, 3.851, 21.094, 23.513, P212121
    DOVWUI, 33.867, 3.913, 26.751, C2/c
    DOWHEC, 28.194, 4.791, 29.556, C2/c
  DTBENV10, 47.887, 47.887, 6.720, I41/a
    DUHJAS, 36.033, 37.681, 7.040, Fdd2
    DUJQOQ, 32.005, 3.804, 26.190, Pca21
    DULLOO, 23.625, 3.899, 26.313, P21/n
    DUMLOM, 35.781, 34.150, 6.382, Fdd2
    DUPBEW, 34.939, 85.482, 3.967, Fdd2
  DUSBEY09, 36.280, 4.286, 22.020, C2/c
  DUSBIC03, 36.517, 4.254, 22.117, C2/c
  DUSBIC04, 36.440, 4.256, 22.160, C2/c
  DUSBIC13, 36.517, 4.254, 22.117, C2/c
    DUSFAZ, 21.798, 3.993, 20.664, P21/c
    DUSKUY, 21.370, 3.990, 28.939, Pna21
  DUTPUD12, 38.879, 38.879, 5.904, R-3
    DUTZUQ, 28.217, 28.217, 5.610, R3
  EAZOBZ01, 23.360, 4.580, 32.240, C2/c
  EBASIN01, 49.879, 6.116, 40.469, C2/c
    EBAWEK, 19.769, 3.783, 24.983, C2/c
    EBEBEU, 23.580, 3.844, 32.150, Pna21
    EBIMIL, 36.617, 36.617, 7.301, R-3
    ECADUL, 23.947, 4.587, 29.163, P21/a
    ECERUB, 21.609, 4.060, 21.606, P2/c
    ECIGUV, 30.431, 4.769, 30.726, C2/c
    ECIQAK, 36.437, 40.212, 6.832, Fdd2
    ECITIU, 23.960, 23.234, 3.887, P212121
    ECITOA, 24.621, 22.888, 3.939, P212121
    ECITUG, 24.580, 22.740, 3.914, P212121
    ECIVAO, 24.270, 23.713, 3.916, P212121
    ECIVES, 24.429, 23.014, 3.816, P212121
    ECIVIW, 25.370, 23.573, 3.958, P212121
    ECOKOA, 50.830, 5.907, 32.660, Fdd2
    EDIXOI, 3.820, 21.443, 19.220, P21/n
    EDOHIS, 20.072, 3.803, 36.766, Pna21
    EDUKUM, 33.287, 5.605, 45.613, C2/c
    EDULAT, 33.795, 5.449, 45.610, C2/c
    EDUZIO, 34.524, 3.999, 23.428, Cc
    EFEZEX, 21.937, 33.803, 3.976, Pna21
    EGEDAV, 35.203, 35.203, 6.526, R-3
    EGEXEV, 4.303, 23.676, 25.196, P212121
    EHAPOU, 41.213, 41.213, 6.463, R-3
    EHAQUZ, 3.806, 24.905, 22.774, Pbcn
    EHIQIX, 37.290, 37.290, 4.630, R-3
    EJERUI, 6.392, 39.810, 45.443, Fddd
    EJETES, 27.366, 32.347, 4.882, Fdd2
    EJIPAQ, 27.544, 4.077, 27.000, Pca21
  EKESAQ01, 18.169, 18.169, 3.568, R-3
  EKESAQ02, 18.110, 18.110, 3.514, R-3
  EKESAQ03, 18.110, 18.110, 3.443, R-3
    EKESEU, 18.190, 18.190, 3.620, R-3
  EKESIY09, 18.143, 18.143, 3.496, R-3
  EKESIY10, 18.122, 18.122, 3.483, R-3
    EKUBAQ, 22.223, 4.014, 20.126, P21/c
  EKUBAQ01, 22.223, 4.014, 20.126, P21/c
    ELAREQ, 31.037, 31.037, 5.695, R-3
    ELEGEI, 18.997, 18.997, 3.698, P4/n
    ELIGAH, 29.540, 4.613, 26.890, C2/c
    ELIZUX, 51.459, 51.459, 6.801, R-3
    ELONAX, 21.954, 21.954, 4.107, P42212
    ELONEB, 22.014, 22.014, 4.125, P42212
    ELOPUS, 20.006, 21.205, 3.882, P212121
    EMACIG, 38.920, 4.918, 38.530, C2/c
    EMANOY, 31.342, 5.815, 29.181, P21/c
    EMAQEQ, 25.844, 4.117, 24.109, C2/c
  EMAQEQ01, 25.844, 4.117, 24.109, C2/c
    EMOVIO, 4.645, 34.300, 38.669, P-1
    ENELOA, 40.040, 40.040, 3.674, R-3
    EPAYEA, 35.680, 5.733, 30.300, C2/c
    EPEDAG, 32.591, 32.591, 5.188, P31
    EPEJOB, 34.232, 34.232, 4.403, R-3
    EPERUN, 26.234, 4.913, 24.605, C2/c
    EPIVOR, 26.947, 5.111, 26.947, P21/n
    EPOLOM, 34.229, 34.229, 6.488, R-3
    EPUSIS, 46.262, 46.262, 8.386, R-3
    EQACAB, 24.023, 3.837, 21.093, C2/c
    EQAHAI, 41.708, 41.708, 8.194, I41/a
    EQAVAV, 20.788, 3.722, 23.885, P2/n
    EQUWAR, 28.204, 25.879, 3.804, Pna21
    ERILUO, 47.441, 5.658, 35.970, C2/c
    ERIPIH, 41.242, 7.730, 41.504, C2/c
    ERODUN, 23.452, 4.545, 22.939, C2/c
    EROLED, 21.225, 3.850, 25.353, C2/c
    ESEHOA, 35.836, 4.751, 42.120, C2/c
    ESOVIT, 37.210, 4.000, 28.450, C2/c
    ETAGUE, 35.395, 35.395, 6.292, P42/n
    ETCNPD, 33.278, 33.278, 4.608, I41/a
    ETONEG, 23.987, 3.939, 22.965, Pna21
  ETONOS02, 29.316, 29.316, 5.099, P4/n
    ETUYAW, 21.467, 4.150, 21.214, Cc
    EVAPUP, 37.367, 37.367, 4.755, I41
    EVOMIL, 30.344, 3.668, 19.151, C2/c
    EWACOV, 25.520, 3.836, 31.309, Pca21
  EWEVIM02, 3.711, 25.309, 24.356, P21/c
  EWOFUT12, 28.821, 3.957, 22.085, C2/c
  EWOFUT13, 28.561, 3.898, 22.009, C2/c
  EWOFUT14, 28.644, 3.909, 22.041, C2/c
  EWOFUT15, 28.676, 3.916, 22.031, C2/c
  EWOFUT16, 28.708, 3.926, 22.026, C2/c
  EWOFUT17, 28.739, 3.938, 22.025, C2/c
    EXAVEG, 28.628, 4.218, 24.069, I2/a
    EXELUR, 25.215, 4.423, 26.064, C2/c
    EXIZET, 5.029, 35.848, 25.542, Cc
    EYIFAW, 3.775, 20.314, 20.701, P212121
    EYOHIL, 37.796, 4.434, 23.423, C2/c
    EYUGAI, 21.909, 3.790, 23.918, P2/n
  EYUXEB02, 43.822, 5.689, 48.331, P21/n
    EZAKIC, 42.777, 5.818, 30.898, C2/c
    EZUVAY, 24.202, 4.521, 24.218, P21/n
    FABKAV, 32.390, 44.374, 5.983, Fdd2
    FABTIP, 44.800, 44.800, 4.196, R-3
    FACDIZ, 54.637, 54.637, 8.946, R-3
    FACDOF, 54.581, 54.581, 8.908, R-3
    FACDUL, 54.772, 54.772, 8.873, R-3
  FACDUL01, 54.882, 54.882, 8.876, R-3
    FADTEN, 21.302, 43.351, 3.955, Fdd2
    FAFDAV, 33.989, 4.966, 24.864, C2/c
  FAFDAV01, 33.989, 4.966, 24.864, C2/c
    FAFJEC, 33.815, 4.976, 43.915, C2/c
    FAFMIK, 25.072, 46.996, 3.759, Fdd2
    FAFWIS, 34.666, 3.743, 20.737, C2/c
    FAJFOO, 21.100, 3.843, 25.414, I2/a
    FAKLEL, 32.264, 4.328, 22.602, C2/c
    FALWEW, 3.862, 22.111, 27.169, P-1
    FALWIA, 39.912, 3.868, 46.725, I2/a
    FALWOG, 39.846, 3.843, 46.673, I2/a
    FAMDIG, 29.807, 27.495, 3.814, Fdd2
  FAMDIG01, 27.357, 29.597, 3.745, Fdd2
    FAMPIU, 43.027, 43.027, 7.024, R-3
    FANGEK, 31.024, 4.186, 25.294, C2/c
    FAPHAJ, 43.325, 43.325, 7.102, R3
    FAPPOE, 32.210, 3.735, 26.357, C2/c
    FAPYEA, 21.614, 21.614, 3.881, I41
  FAPYEA01, 21.548, 21.548, 3.871, I41/a
  FAPYEA02, 21.566, 21.566, 3.801, I41/a
  FAPYEA03, 21.618, 21.618, 3.880, I41/a
  FAPYEA04, 21.606, 21.606, 3.881, I41/a
  FAPYEA05, 21.654, 21.654, 3.792, I41/a
  FAPYEA06, 21.621, 21.621, 3.878, I41/a
  FAPYEA07, 21.622, 21.622, 3.875, I41/a
  FAPYEA08, 21.619, 21.619, 3.874, I41/a
  FAPYEA09, 21.630, 21.630, 3.799, I41/a
  FAPYEA10, 21.693, 21.693, 3.776, I41/a
  FAPYEA11, 21.548, 21.548, 3.871, I41/a
  FAPYEA12, 21.628, 21.628, 3.885, I41/a
  FAPYEA21, 21.548, 21.548, 3.871, I41/a
    FARLIX, 35.695, 65.854, 6.187, Fdd2
    FASVOL, 46.510, 6.620, 37.400, C2/c
    FATFAL, 25.483, 3.858, 25.757, Pna21
    FATNAT, 3.910, 19.771, 21.027, P212121
    FAXKUM, 29.446, 29.446, 4.023, I41/a
  FAXKUM01, 29.512, 29.512, 4.042, I41/a
    FEBDAU, 29.348, 29.348, 5.413, P65
  FEBDAU01, 29.348, 29.348, 5.413, P65
    FEBYES, 22.929, 3.824, 23.213, P2/n
    FECREK, 34.230, 3.624, 35.480, C2/c
    FECWOC, 38.348, 41.150, 7.447, Fdd2
    FEDJIH, 22.100, 3.798, 21.270, C2/c
    FEGCIF, 27.848, 4.948, 30.373, I2/a
    FEGNAK, 27.201, 3.923, 37.778, C2/c
    FEGTOD, 30.176, 30.176, 5.974, I-4
    FEPBEJ, 21.674, 3.776, 21.173, C2/c
    FEPDOV, 33.748, 34.172, 3.763, Fdd2
    FEQKOE, 35.984, 32.844, 4.788, Fdd2
    FEQPOK, 33.827, 4.445, 22.346, C2/c
    FEQPUQ, 24.822, 4.052, 34.137, C2/c
    FESWOP, 32.673, 32.673, 4.698, R-3
    FETDUE, 19.921, 3.750, 19.303, C2/c
    FEWDUJ, 4.318, 22.051, 25.387, P212121
    FEXFUM, 29.753, 37.919, 4.281, C2/m
    FEYTAG, 38.726, 5.037, 31.798, C2/c
    FEZRUX, 26.647, 3.901, 21.078, Pca21
    FICPAK, 25.668, 4.050, 23.078, Pca21
    FIDQAL, 30.207, 30.207, 5.118, R-3
    FIFYIE, 22.093, 3.602, 19.531, C2/c
    FIFYUQ, 26.168, 3.542, 21.180, C2/c
    FIHTUO, 46.501, 46.501, 6.799, R-3
    FIKCIM, 4.819, 28.182, 36.126, P212121
    FIKPAR, 35.954, 56.323, 5.171, Fdd2
  FIKZOO11, 34.675, 34.675, 4.095, R-3
    FIQYIN, 21.531, 21.531, 4.305, R3
    FIRJAT, 36.151, 36.151, 5.301, R-3
    FISTAF, 23.978, 41.779, 3.799, Fdd2
    FISWOU, 43.240, 43.240, 6.381, R-3
    FITHIA, 23.995, 23.995, 3.950, I-42d
    FIXBIZ, 30.342, 3.799, 23.431, P21/c
    FIYFEY, 57.420, 57.420, 10.817, R-3
    FIZSUF, 29.064, 5.066, 25.840, C2/c
  FIZSUF01, 29.131, 5.123, 25.988, C2/c
  FIZSUF02, 29.131, 5.123, 25.988, C2/c
    FNDMAN, 20.051, 3.952, 21.254, C2/c
    FOJKIB, 23.567, 4.457, 30.638, C2/c
    FOMNAZ, 37.340, 64.291, 6.533, Cmcm
  FOMNAZ01, 37.340, 64.291, 6.533, Cmcm
    FOMWAI, 26.674, 4.862, 56.823, I2/a
    FONDIW, 33.257, 4.268, 21.589, C2/c
  FONDIW01, 33.257, 4.268, 21.589, C2/c
    FONZEP, 29.120, 4.437, 27.719, P21/c
    FOQLUU, 35.968, 4.648, 26.596, C2/c
    FOVPAJ, 30.262, 4.720, 24.722, Cc
    FOVZUL, 28.574, 3.770, 26.183, C2/c
  FUCTIG01, 23.334, 27.653, 3.669, Fdd2
  FUCTIG02, 27.438, 23.431, 3.588, Fdd2
    FUDJOF, 23.080, 24.583, 3.767, Pnma
    FUDYOU, 32.610, 43.566, 4.877, Fdd2
    FUFFOD, 24.120, 4.571, 25.343, P21/c
    FUFHIA, 34.982, 3.918, 22.933, C2/c
  FUFHIA01, 35.109, 3.965, 23.213, C2/c
    FUFJIB, 30.546, 46.305, 6.020, Fdd2
  FUFNOJ01, 23.069, 25.231, 3.843, Fdd2
  FUFNOJ02, 23.102, 25.176, 3.736, Fdd2
    FUFQAB, 48.239, 6.899, 38.097, C2/c
    FUHCOA, 36.220, 3.995, 20.940, C2/c
    FUJJOK, 31.660, 31.660, 5.470, R-3
    FUJZIW, 42.719, 6.330, 42.780, C2/c
    FUMMIL, 37.950, 3.800, 23.960, C2/c
    FUNJEF, 27.694, 5.211, 27.541, C2/c
    FUPHEG, 59.930, 59.930, 6.746, R-3
    FUQZOI, 36.856, 5.674, 35.172, P21/c
    FUVDEH, 26.633, 26.633, 5.131, I-4
  FUVDEH01, 26.509, 26.509, 5.190, I-4
  FUVDEH02, 26.564, 26.564, 5.024, I-4
  FUVDEH03, 26.522, 26.522, 4.934, I-4
  FUVDEH04, 26.684, 26.684, 4.701, I-4
  FUVDEH05, 27.253, 27.253, 4.147, I-4
  FUVDEH06, 27.748, 27.748, 3.767, I-4
  FUVDEH07, 27.811, 27.811, 3.690, I-4
  FUVDEH08, 27.747, 27.747, 3.632, I-4
  FUVDEH09, 26.563, 26.563, 5.195, I-4
  FUVDEH10, 26.547, 26.547, 5.135, I-4
  FUVDEH11, 26.423, 26.423, 5.085, I-4
  FUVDEH12, 26.262, 26.262, 5.071, I-4
  FUVDEH13, 26.082, 26.082, 5.053, I-4
    FUVFUZ, 27.753, 27.753, 3.602, I-4
    FUVGAG, 27.707, 27.707, 3.572, I-4
  FUVGAG01, 27.692, 27.692, 3.549, I-4
  FUVGAG02, 27.697, 27.697, 3.535, I-4
    FUWFEK, 31.880, 3.909, 31.929, C2/c
    FUWXOM, 26.557, 4.831, 30.782, C2/c
  FUWYII03, 49.169, 49.169, 7.790, R-3
    FUXCUX, 41.377, 41.377, 5.263, R-3
    FUXKIT, 43.862, 3.829, 21.287, C2/c
    FUXLUH, 3.979, 19.948, 20.208, P212121
    FUYZUW, 45.980, 3.917, 23.698, C2/c
    GABCET, 31.333, 3.859, 40.188, C2/c
    GAFZAP, 47.814, 6.305, 34.011, C2/c
    GAGQUD, 23.801, 3.849, 26.359, P21/c
  GAGQUD01, 23.801, 3.849, 26.359, P21/c
    GAHKIJ, 21.640, 21.640, 3.745, I41/a
  GAHKIJ01, 21.599, 21.599, 3.823, I41/a
  GAHKIJ02, 21.559, 21.559, 3.823, I41/a
  GAHKIJ03, 21.685, 21.685, 3.835, I41/a
  GAHKIJ10, 21.640, 21.640, 3.745, I41/a
    GAKWUK, 26.460, 3.760, 24.275, C2/n
    GALRAO, 29.911, 29.911, 5.971, P32
    GANLAI, 33.230, 33.230, 6.006, R-3
    GANYAW, 30.399, 31.285, 4.674, Fdd2
    GAPVEY, 23.239, 35.150, 4.064, Fdd2
    GAQLIX, 3.784, 27.962, 25.646, P21/c
    GASFEO, 23.715, 4.694, 24.377, P21/n
    GAVBIP, 33.960, 33.960, 3.915, R-3
    GEBSOX, 19.666, 3.858, 28.101, C2/c
    GECXOD, 36.382, 36.382, 6.710, R-3
    GECZET, 32.450, 4.987, 28.230, C2/c
    GEDDAY, 44.873, 4.436, 25.059, C2/c
    GEFDOK, 41.021, 41.021, 3.888, R-3
    GEFXIY, 22.348, 22.348, 3.818, I41/a
    GEFXOE, 21.790, 21.790, 3.834, I41/a
    GEFYAR, 21.851, 21.851, 3.790, I41/a
    GEFYEV, 31.160, 3.788, 21.890, C2/c
    GEGDUU, 4.883, 31.362, 33.483, P212121
    GEGKOT, 27.185, 5.257, 35.097, C2/c
    GEHTAP, 5.621, 35.556, 35.835, P212121
  GEHTAP01, 5.621, 35.556, 35.835, P212121
    GEJFOS, 34.832, 34.832, 6.115, R-3
    GEKLOX, 35.890, 5.886, 35.200, C2/c
  GEKLOX02, 35.890, 5.886, 35.200, C2/c
    GEKLUB, 36.050, 5.960, 35.600, C2/c
    GEKLUC, 36.080, 5.950, 35.850, C2/c
    GEKZON, 29.334, 29.407, 4.452, Fdd2
    GEMKOC, 35.383, 35.383, 5.235, R-3
    GENMAO, 36.856, 5.167, 29.433, C2/c
    GESTIL, 30.565, 3.863, 25.536, C2/c
    GIDLIP, 24.205, 3.745, 20.954, C2/c
    GIFLIU, 25.460, 3.877, 26.260, Pna21
    GIGBAB, 33.409, 37.084, 6.552, Fdd2
    GIHJIQ, 26.450, 26.450, 3.400, Unknown
    GIHJOW, 30.700, 30.700, 3.400, Unknown
    GILKES, 29.610, 29.610, 5.579, I4
    GILQEZ, 34.701, 34.701, 6.557, R3
    GIMBAI, 20.502, 3.548, 26.500, C2/c
    GIMLIZ, 32.848, 36.969, 6.347, Fdd2
    GINFAN, 33.837, 35.473, 6.632, Fdd2
    GINYAG, 36.030, 36.030, 6.965, R-3
    GINYIO, 46.280, 46.280, 6.705, R-3
    GINYOU, 56.200, 56.200, 6.570, R3
    GINYUA, 68.200, 68.200, 7.020, R3
    GIQZOW, 32.160, 45.189, 5.741, Fdd2
    GIRZOZ, 31.783, 5.540, 34.597, P21
    GIXTEM, 38.121, 38.121, 7.521, I41
    GIYVEQ, 27.865, 3.820, 26.650, Cc
    GIZYIY, 39.698, 48.359, 3.848, Fdd2
  GOCJIT01, 27.050, 5.365, 40.641, P21/n
    GODXOP, 38.945, 4.600, 26.692, C2/c
    GOGFUG, 29.485, 4.662, 34.442, C2/c
  GOGFUG01, 29.755, 4.761, 34.852, C2/c
    GOGHES, 29.591, 4.677, 34.408, C2/c
  GOHRUS01, 42.482, 3.854, 33.776, C2/c
    GOHSIG, 28.272, 5.075, 37.126, P21/n
    GOJROO, 3.810, 21.767, 22.356, P212121
    GOLNEC, 24.330, 3.743, 23.590, C2/c
    GOMFOF, 45.708, 45.708, 7.982, I41/acd
    GONCAQ, 4.916, 29.171, 30.305, P212121
    GOQSEN, 30.108, 4.579, 40.770, C2/c
    GOSTIR, 31.561, 31.561, 5.531, I41/a
    GOWMAJ, 39.172, 6.123, 35.541, C2
    GOYBOO, 20.886, 21.280, 3.607, Fdd2
    GOZMAL, 29.560, 4.018, 21.554, C2/c
    GOZYAX, 41.353, 64.640, 8.131, Fdd2
  GOZYAX01, 41.353, 64.640, 8.131, Fdd2
    GUDMUQ, 4.058, 20.962, 21.680, P21/n
    GUDPOL, 27.033, 27.033, 4.846, I-4
    GUGVUA, 31.869, 36.630, 5.702, Fdd2
    GUKDUO, 24.368, 4.091, 26.704, C2/c
    GUKTUD, 23.441, 4.453, 25.419, C2/c
    GUNBEX, 33.040, 4.735, 26.410, C2/c
    GUPLIP, 27.508, 27.508, 5.126, P63
    GUPVOF, 27.418, 4.400, 22.656, C2/c
    GUYCOU, 31.075, 31.075, 6.188, R-3
    GUZZAD, 34.950, 5.020, 25.730, C2/c
    HACLIK, 5.963, 38.327, 33.939, P21/n
    HAJLIR, 28.409, 3.924, 37.573, C2/c
    HAKBON, 27.792, 5.098, 26.035, C2/c
    HAMPOB, 29.055, 42.725, 4.784, Fdd2
    HANXOM, 46.757, 6.943, 36.650, C2/c
  HANYET10, 29.525, 34.118, 3.971, Fdd2
    HARHOB, 27.098, 3.989, 31.035, C2/c
    HARHUH, 31.747, 4.015, 25.075, C2/c
    HARJAP, 27.782, 3.974, 30.196, C2/c
    HASXIK, 33.226, 33.226, 5.187, I-4
    HASYAF, 22.614, 4.012, 20.213, C2/c
    HAXDIW, 4.137, 21.594, 33.945, Pc
    HEBZOH, 20.539, 3.925, 21.580, P21/n
    HEFYUO, 25.527, 4.513, 23.957, C2/c
    HEGLOY, 34.647, 5.394, 43.381, Pca21
  HEHNOA01, 32.382, 5.369, 32.218, P21/c
    HEJCIL, 38.710, 38.710, 5.453, I41/a
  HEJCIL01, 38.710, 38.710, 5.453, I41/a
    HEMBOT, 31.001, 27.623, 3.913, Pb21a
    HEMBUZ, 20.868, 31.658, 3.960, Pna21
    HEPHAM, 42.273, 42.273, 5.164, R-3
    HEPKUM, 79.582, 79.582, 10.330, R-3
    HEPLAT, 80.680, 80.680, 10.178, R-3
    HEPTAY, 49.298, 9.357, 49.393, C2/c
    HEQMOJ, 27.846, 3.999, 29.259, C2/c
    HEQQIH, 3.614, 18.513, 26.782, P212121
    HESJUO, 42.815, 5.828, 30.881, C2/c
    HESNAU, 20.743, 4.135, 25.029, C2/c
    HEXSUB, 32.547, 4.256, 30.366, C2/c
    HEYJOK, 3.901, 23.008, 35.368, P212121
  HEYJOK02, 3.892, 22.900, 35.252, P212121
  HEYJOK03, 3.916, 22.983, 35.391, P212121
  HEYJOK04, 3.924, 22.983, 35.412, P212121
  HEYJOK05, 3.933, 22.988, 35.438, P212121
  HEYJOK06, 3.943, 22.987, 35.459, P212121
  HEYJOK07, 3.960, 23.023, 35.542, P212121
  HEYJOK08, 3.996, 23.022, 35.822, P212121
    HEYJOM, 29.741, 29.741, 5.892, P42
    HEYJUS, 68.226, 68.226, 12.752, R-3
    HEYKAZ, 67.440, 67.440, 12.859, R-3
    HEZCUN, 21.305, 4.155, 21.526, P21/n
    HEZKAA, 28.109, 4.530, 33.581, P21/n
    HGCAZA, 20.940, 3.993, 24.950, P2/c
    HGTHZO, 35.300, 36.300, 5.400, Fdd2
    HIFRIY, 32.376, 43.406, 5.562, Fdd2
    HIFVIE, 69.126, 28.044, 3.831, Fdd2
    HIHKER, 35.721, 35.721, 5.150, I4
    HIHMOA, 23.144, 4.036, 20.956, C2/c
    HIHZAC, 31.413, 5.733, 35.673, C2/c
    HILMAR, 20.654, 3.800, 21.651, P21/c
    HIQCUI, 34.676, 6.695, 41.655, C2/c
    HIRMUS, 33.862, 4.666, 25.353, C2/c
  HIRYIR01, 45.053, 5.130, 32.879, C2/c
    HISDEV, 33.052, 5.258, 43.026, C2/c
    HISXIT, 31.777, 55.879, 4.494, Fdd2
    HITYOZ, 26.519, 36.509, 3.849, Fdd2
    HIWJON, 29.832, 5.137, 27.674, C2/c
    HIXJIK, 47.177, 22.908, 3.784, Fdd2
    HIYBUN, 49.574, 50.307, 6.194, Fdd2
    HMCYPH, 34.608, 5.334, 26.992, C2/c
  HMXCBP10, 25.040, 3.935, 29.530, C2/c
    HOBMAO, 31.306, 31.306, 5.583, I41
    HOCQUO, 32.732, 6.086, 31.636, C2/c
    HOFCAH, 35.730, 4.666, 27.113, C2/c
    HOFJES, 24.491, 3.753, 23.428, C2/c
    HOFJUI, 41.246, 6.293, 43.001, C2/c
    HOLKUP, 39.343, 3.851, 22.620, C2/c
    HOLWOW, 44.164, 3.945, 27.676, Cc
    HOMLIH, 22.621, 3.905, 26.889, P21/n
    HONDIX, 6.467, 34.103, 35.479, P212121
  HONDIX01, 6.467, 34.103, 35.479, P212121
    HONHUP, 22.284, 3.780, 28.107, Pna21
    HONSOU, 3.809, 20.364, 19.294, Pbcm
    HONVIP, 34.838, 5.061, 34.868, C2/c
  HONVIP01, 34.838, 5.061, 34.808, C2/c
    HOQGAY, 28.062, 4.884, 27.486, P21/c
    HOQHAZ, 21.079, 3.836, 22.561, P21/c
    HORCAT, 21.421, 4.131, 24.942, C2/c
    HOVJAG, 37.121, 30.255, 6.001, C2/m
    HOXJAG, 27.277, 3.763, 21.820, C2/c
    HOYGIO, 31.558, 31.558, 5.512, I41/a
    HOYLUE, 26.900, 37.918, 4.803, Fdd2
    HOYMEP, 37.606, 38.326, 4.296, Fdd2
    HOYVOJ, 30.876, 5.829, 43.668, C2/c
    HOYWOK, 37.450, 5.400, 49.916, C2/c
  HTZPDZ01, 29.097, 21.677, 3.618, Fdd2
  HTZPDZ10, 29.112, 21.636, 3.701, Fdd2
  HUCHEU01, 51.005, 5.960, 57.158, P21/n
    HUCRAZ, 65.292, 3.956, 31.442, C2/c
    HUGXAK, 57.437, 7.412, 41.530, C2/c
    HUHBES, 23.184, 50.929, 4.044, Fdd2
    HUHXAJ, 24.758, 24.758, 4.695, I-4
    HUJZUK, 27.197, 3.709, 26.924, P21/c
    HUKPUY, 19.025, 19.790, 3.776, P21/n
  HUKQEJ06, 19.143, 3.609, 19.428, I2/a
    HUMTAN, 26.806, 3.751, 20.559, C2/c
    HUPLOW, 63.379, 58.858, 9.793, Fdd2
    HUPQIV, 20.427, 3.763, 20.468, Pca21
    HURDEG, 25.767, 4.641, 25.931, C2/c
  HURDEG01, 25.845, 4.654, 26.044, C2/c
    HURPAN, 24.440, 52.631, 4.318, Fdd2
    HUSRUJ, 34.669, 34.669, 5.118, R3
    HUWPIA, 7.081, 38.766, 39.229, Fdd2
  HXQUIN01, 28.712, 25.027, 3.832, Fdd2
  HXQUIN03, 28.770, 25.055, 3.857, Fdd2
  HXQUIN10, 29.180, 25.360, 3.910, Fdd2
  HXQUIN11, 24.886, 28.546, 3.811, Fdd2
  HXQUIN13, 28.564, 24.934, 3.778, Fdd2
  HXQUIN16, 24.934, 28.566, 3.778, Fdd2
  HXQUIN17, 24.934, 28.566, 3.778, Fdd2
  HYQUIN01, 38.551, 38.551, 5.660, R*
  HYQUIN02, 38.460, 38.460, 5.650, R-3
  HYQUIN06, 38.392, 38.392, 5.614, R-3
  HYQUIN07, 38.567, 38.567, 5.665, R-3
    IBBIOX, 4.210, 30.860, 22.520, Cc
    IBOPAU, 52.556, 3.874, 24.210, Cc
  IBOWOM01, 30.274, 3.662, 19.109, C2/c
    ICAWOZ, 39.220, 61.900, 5.517, Fdd2
    ICAWUF, 37.538, 130.908, 6.702, Fdd2
    ICEXIB, 76.908, 7.131, 57.843, C2/c
  ICEXIB01, 76.908, 7.131, 57.843, C2/c
    ICUWUY, 3.979, 20.167, 20.871, P-1
    IDEWOE, 38.567, 38.567, 6.789, R-3
    IDOWEF, 23.862, 4.030, 20.735, C2/c
    IFAPOV, 23.871, 3.891, 20.579, C2/c
    IFENOY, 26.594, 26.594, 5.146, I-4
  IFENOY01, 26.511, 26.511, 5.235, I-4
  IFENOY02, 26.457, 26.457, 5.285, I-4
    IFEPUG, 26.772, 26.772, 5.066, I-4
  IFEPUG01, 26.533, 26.533, 4.540, I-4
  IFEPUG02, 26.576, 26.576, 5.208, I-4
  IFEPUG03, 26.470, 26.470, 5.188, I-4
  IFEPUG04, 26.262, 26.262, 5.186, I-4
  IFEPUG05, 26.152, 26.152, 5.136, I-4
  IFEPUG06, 26.297, 26.297, 4.977, I-4
  IFEPUG07, 26.339, 26.339, 4.856, I-4
  IFEPUG08, 26.421, 26.421, 4.712, I-4
  IFEPUG09, 26.558, 26.558, 4.621, I-4
  IFEPUG10, 26.528, 26.528, 4.498, I-4
    IFEQAN, 26.713, 26.713, 5.088, I-4
    IFEQER, 26.742, 26.742, 5.150, I-4
    IFIXOM, 29.287, 29.287, 3.250, P6/m
    IFONOI, 24.780, 4.624, 32.191, P21/c
    IFOSUL, 24.320, 24.320, 4.440, R3m
  IFOSUL01, 24.317, 24.317, 4.377, R3m
  IFOSUL02, 24.439, 24.439, 4.455, R3m
  IFUFAQ04, 3.924, 25.944, 24.469, A1
  IFUFAQ07, 3.926, 25.949, 24.467, A1
  IFUFAQ10, 3.923, 25.842, 24.399, A1
  IFUFAQ13, 3.923, 25.922, 24.402, A1
  IFUFAQ16, 3.911, 25.862, 24.361, A1
  IFUFAQ19, 3.920, 25.920, 24.401, A1
  IFUFAQ22, 3.921, 25.925, 24.411, A1
  IFUFAQ25, 3.918, 25.915, 24.412, A1
  IFUFAQ28, 3.917, 25.907, 24.399, A1
  IFUFAQ41, 3.924, 25.948, 24.481, A1
  IFUFAQ44, 3.924, 25.947, 24.480, A1
  IFUFAQ53, 3.923, 25.953, 24.507, A1
  IFUFAQ66, 3.917, 25.913, 24.469, A1
    IGESAR, 43.580, 43.169, 7.933, Fdd2
    IGIDEI, 33.495, 33.495, 5.150, R-3
    IHAHIL, 22.559, 3.837, 29.323, Ia
    IHAMEL, 29.346, 27.805, 5.008, Pn21a
    IHITUO, 22.792, 3.935, 23.671, C2/c
    IJATIZ, 49.602, 49.602, 4.971, R-3
    IJEHOU, 26.657, 3.919, 27.424, I2/a
    IJIPEY, 48.117, 48.117, 9.592, R-3
    IJOXAJ, 48.653, 4.580, 30.036, C2/c
    IJUSAI, 26.340, 3.891, 27.583, C2/c
    IKIREZ, 34.377, 34.377, 6.213, R-3
    IKOTUZ, 48.832, 48.832, 8.483, R3c
    IKOVAH, 48.800, 48.800, 8.453, R3c
    IKOVEL, 48.884, 48.884, 8.563, R3c
    ILAPET, 41.086, 38.941, 3.973, Fdd2
    ILAVIA, 35.624, 35.624, 5.210, R3
    ILOWIQ, 22.561, 3.741, 20.895, C2/c
    ILOWOW, 22.886, 3.853, 20.990, C2/c
    IMAXUQ, 24.789, 39.319, 4.634, Pnma
    IMOVIQ, 28.708, 29.606, 3.683, Fdd2
    INEJAM, 47.219, 24.229, 4.109, Fdd2
  INEJAM01, 24.196, 47.123, 4.040, Fdd2
  INICAC04, 34.428, 3.812, 19.787, Pca21
    INOGEY, 30.733, 5.727, 29.448, C2/c
    INOGUP, 28.642, 5.044, 31.148, Pna21
    INUBEA, 4.419, 33.029, 27.354, Pbcn
    INUGIK, 4.899, 31.372, 25.957, P21
    IPEHOB, 37.721, 5.474, 30.928, C2/c
    IPOJOO, 33.401, 4.302, 24.224, Pca21
    IQAFEL, 21.859, 21.859, 4.215, P42/n
    IQASAX, 25.135, 4.664, 23.711, C2/c
  IQASAX01, 25.136, 4.663, 23.707, C2/c
    IRAVAA, 36.559, 3.939, 27.643, C2/c
    ISEDOB, 19.286, 3.570, 19.042, C2/c
    ISEDUH, 30.369, 3.947, 21.015, C2/c
    ISIJOM, 37.876, 51.185, 6.610, Fdd2
    ISUPUK, 68.307, 30.272, 5.872, Fdd2
  ITEXUB01, 24.970, 4.368, 22.706, Cc
  ITEXUB02, 24.970, 4.368, 22.706, C2/c
    ITILEC, 37.174, 37.174, 6.271, R-3
    ITOPAL, 28.143, 35.004, 4.970, Fdd2
  ITUZOP01, 3.801, 19.806, 20.933, P21/n
    IVUDEK, 25.242, 4.469, 27.732, C2/c
    IVUHUE, 37.453, 37.453, 6.794, R-3
    IWATIM, 23.914, 3.846, 19.984, C2/c
    IWERIN, 41.194, 41.194, 4.930, R-3
    IWETUC, 47.050, 47.050, 5.722, P64
    IWOCON, 24.224, 3.746, 27.468, P21/n
    IWOKEL, 34.300, 4.994, 27.380, C2/c
    IWOLUC, 43.490, 43.490, 6.625, R-3
    IXUVEC, 30.408, 32.819, 6.042, Fdd2
    IXUVOM, 37.556, 3.987, 19.974, Cc
  IXUVOM01, 37.556, 3.987, 19.974, C2/c
    IYAQUX, 5.260, 26.640, 34.530, C2221
  IYAQUX01, 5.260, 26.640, 34.530, C2221
    IYOQIZ, 27.021, 4.009, 27.732, C2/c
    IYUPAT, 22.054, 3.778, 26.481, I2/a
  IYUPAT01, 22.042, 3.776, 26.464, I2/a
    IYUPAV, 30.656, 27.727, 3.791, Fdd2
    IZEQEM, 29.117, 28.409, 3.825, C2/m
  IZEQEM01, 29.117, 28.409, 3.825, C2/m
    IZEQIQ, 29.375, 27.853, 3.870, C2/m
  IZEQIQ01, 29.375, 27.853, 3.870, C2/m
  IZEWOZ03, 21.084, 4.004, 30.170, Pca21
  IZEWOZ04, 20.956, 3.886, 30.086, Pca21
    IZUKIZ, 32.366, 28.085, 3.913, Pb21a
    IZUVUV, 49.620, 50.589, 6.059, Fdd2
    JAJFUY, 30.364, 30.364, 5.913, I41/a
    JAJSIZ, 24.424, 3.916, 27.291, C2/c
    JANLAP, 34.589, 34.589, 4.070, I41/a
    JANYOQ, 38.167, 4.213, 54.213, C2/c
    JAPHAK, 32.376, 5.736, 30.667, C2/c
    JAWWAJ, 63.059, 24.922, 4.587, Fdd2
    JAWWIO, 26.134, 4.675, 23.881, P21/c
    JEBVUL, 41.083, 41.083, 8.132, R-3
    JEBZUO, 23.459, 23.459, 3.899, P3
    JECBAX, 20.924, 20.924, 3.920, P3
    JEDDIG, 29.928, 29.928, 5.639, R-3
    JEDNEO, 51.249, 40.513, 5.947, Fdd2
    JEHWOJ, 29.055, 3.726, 22.972, C2/c
    JEKZIJ, 38.845, 5.917, 30.595, C2/c
    JEPBOZ, 24.146, 35.302, 4.726, Pba2
    JEVNEH, 21.637, 3.930, 22.181, Pca21
    JEVPOQ, 21.556, 3.647, 19.485, P2/c
    JEWWEO, 28.370, 5.457, 28.123, C2/c
    JIBQUK, 31.293, 5.224, 28.960, C2/c
    JIDLIR, 29.612, 3.945, 20.645, C2/c
    JINMEZ, 31.128, 33.904, 5.139, Fdd2
    JIPGUL, 40.479, 40.479, 7.610, R-3
    JIQHAT, 25.300, 3.799, 21.166, Pna21
    JIRNOQ, 33.002, 44.669, 4.163, Fdd2
    JIWQEM, 20.682, 3.748, 20.961, P21/n
    JIZSAO, 38.968, 46.919, 4.327, Fdd2
    JODJAP, 27.183, 4.741, 30.123, C2/c
    JODKOE, 21.149, 40.631, 3.889, Fdd2
    JOFPEA, 23.811, 4.395, 35.967, P21/c
    JOHFOC, 40.173, 40.173, 7.160, R-3
    JOJNUU, 22.596, 3.869, 22.166, Pna21
    JOKMOO, 32.538, 40.193, 6.039, Fdd2
    JOLYEQ, 60.674, 60.674, 5.128, R-3
    JOQKIM, 16.510, 16.510, 2.512, R32
    JOXRUL, 25.543, 25.543, 4.679, P42/n
    JOXYOM, 22.765, 4.032, 26.201, P21/c
    JOXZOO, 3.471, 19.341, 20.412, P1
  JOXZOO01, 3.471, 19.341, 20.412, P1
    JOYMUI, 30.301, 30.301, 5.970, P-3
    JUBSII, 5.515, 47.338, 27.791, F2dd
    JULHOP, 34.923, 34.923, 6.781, R-3
    JULPAK, 34.154, 40.102, 5.935, Fdd2
    JUQLOZ, 4.939, 25.328, 34.413, P212121
    JUSNOD, 4.795, 25.807, 26.902, P21/c
    JUTCIN, 4.948, 26.280, 32.363, Pbca
    KACMIL, 22.285, 22.285, 3.891, P42/n
  KACMIL02, 22.285, 22.285, 3.891, P42/n
    KADLOQ, 55.717, 34.154, 6.569, Fdd2
    KAHBUU, 37.564, 6.630, 34.385, C2/c
    KAKDAE, 32.778, 32.778, 6.279, P63
    KAKDAF, 36.507, 5.143, 27.840, C2/c
    KAKFUB, 40.159, 40.159, 4.367, R-3
    KAMPAS, 65.243, 65.243, 10.255, R-3
    KAMQOH, 24.669, 4.559, 28.267, P21/c
    KAPKAP, 29.749, 20.727, 3.631, Fdd2
    KAPKET, 35.934, 20.746, 3.590, Fdd2
    KAQRED, 33.725, 33.725, 5.606, I41/a
    KARPIC, 22.442, 22.442, 3.839, I41/a
  KARPIC01, 22.515, 22.515, 3.844, I41/a
    KARPOI, 21.601, 21.601, 3.856, I41/a
  KARPOI01, 21.627, 21.627, 3.781, I41/a
  KARPOI03, 21.695, 21.695, 3.876, I41/a
    KARRAW, 21.558, 21.558, 3.896, I41/a
  KARRAW01, 21.625, 21.625, 3.907, I41/a
    KARREA, 21.569, 21.569, 3.845, I41/a
  KARREA01, 21.683, 21.683, 3.783, I41/a
    KARRIE, 21.550, 21.550, 3.816, I41/a
  KARRIE01, 21.649, 21.649, 3.817, I41/a
    KASSUS, 28.400, 3.927, 24.250, C2/c
    KAVBUF, 20.660, 20.660, 4.019, P42/ncm
    KAVKAU, 19.421, 3.730, 20.570, C2/c
    KAVXEL, 25.500, 4.918, 28.390, Pca21
    KAYQUZ, 33.360, 5.857, 34.010, I2
    KAZDEX, 39.991, 4.718, 23.964, C2/c
    KAZVAM, 25.866, 49.976, 4.265, Fdd2
    KEBVAP, 35.873, 35.873, 6.108, R-3
    KECJIN, 29.032, 29.032, 3.913, I41/a
    KEDQUI, 31.940, 3.898, 23.948, C2/c
    KEJQAV, 60.154, 7.623, 41.742, C2/c
    KEKCIP, 30.705, 4.238, 24.271, C2/c
    KEPJEX, 38.976, 39.862, 7.389, Fdd2
  KEPLAS02, 24.648, 3.967, 24.248, Pna21
    KETSUZ, 53.882, 6.135, 36.151, C2/c
    KEVLOQ, 3.898, 26.059, 21.706, P21/n
    KEWJOP, 44.202, 44.202, 6.147, R-3
    KEWWUF, 3.668, 30.046, 38.877, Fddd
    KEZDUS, 27.465, 5.250, 28.477, I2/a
    KICGIQ, 35.471, 35.471, 4.590, R-3
    KIFQEW, 31.818, 3.600, 21.904, C2/c
    KIFYIL, 21.707, 3.987, 30.541, P21/c
    KIPGOI, 41.163, 3.763, 22.521, C2/c
    KIPKIF, 43.719, 43.719, 8.516, I41/a
    KIRKEE, 35.580, 5.092, 27.063, C2/c
  KIRKEE01, 35.580, 5.092, 27.063, C2/c
    KISBEW, 33.132, 21.947, 3.825, Fdd2
    KISJUT, 26.450, 4.006, 21.025, C2/c
    KITQIQ, 25.601, 4.171, 24.268, C2/c
  KITQIQ01, 25.676, 4.179, 24.335, C2/c
    KIVCEA, 4.243, 23.537, 24.567, P-1
    KIWBOK, 26.727, 3.841, 27.121, Pna21
    KIWGOP, 4.008, 21.498, 22.559, Pc
    KIWNAF, 42.064, 42.064, 7.052, R-3
    KIYHEH, 54.929, 54.929, 8.632, R-3
    KOKHEY, 41.363, 41.363, 8.056, R-3
    KOLXOB, 35.974, 6.962, 35.647, C2/c
    KOMLAA, 47.570, 6.261, 32.118, C2/c
  KONTIQ07, 23.768, 3.543, 28.756, P21/c
    KTCYQM, 3.543, 17.784, 17.868, P21/c
    KUBQEG, 40.004, 5.797, 31.341, C2
    KUFGAT, 6.073, 32.167, 34.680, F2dd
    KUHFOL, 51.773, 51.773, 6.918, R-3
    KUHFUR, 44.404, 44.404, 6.878, R-3
    KUHGAY, 51.658, 51.658, 6.337, R-3
    KUHGEC, 45.256, 45.256, 6.196, R-3
    KUHGIG, 45.080, 45.080, 6.182, R-3
    KUHGOM, 52.491, 52.491, 6.429, R-3
    KUJXUJ, 30.914, 30.914, 4.460, R3
    KUKKIN, 28.194, 3.766, 21.917, C2/c
    KUKKOT, 22.635, 3.818, 28.706, P21/n
    KULJEI, 23.254, 41.340, 3.933, Fdd2
  KUQRUK01, 25.595, 3.716, 26.376, P21/n
    KUSWIF, 41.297, 4.209, 23.695, C2/c
    KUVQEY, 22.067, 4.002, 21.074, C2/c
    KUXBOW, 30.735, 4.172, 24.404, C2/c
    KUYPUT, 21.825, 3.811, 20.491, C2/c
  KUYPUT10, 21.825, 3.811, 20.491, C2/c
    KUZBOX, 4.189, 26.219, 23.817, P21/c
    KUZYEL, 3.813, 20.154, 23.688, P212121
    LABQOX, 6.430, 36.169, 36.577, P-1
    LACCUP, 25.323, 4.899, 33.300, P2/c
    LAFQOB, 32.313, 19.769, 3.734, P21/n
    LAFRAO, 39.967, 3.761, 35.399, C2/c
    LAFVEW, 3.933, 21.721, 27.730, P212121
    LAGSUL, 54.949, 54.949, 10.010, R-3
    LAGTUM, 54.663, 54.663, 10.056, R-3
    LAHDEH, 5.456, 30.046, 32.790, I222
    LAHTOF, 52.016, 4.490, 38.419, C2/c
  LAHTOF01, 52.016, 4.490, 38.419, C2/c
    LALDEJ, 40.478, 40.478, 7.431, I41/a
    LANTEC, 21.986, 3.912, 30.020, C2/c
    LAPBOU, 37.636, 37.636, 5.956, P42
    LASGIX, 25.333, 42.923, 4.515, Fdd2
    LAWRIM, 5.202, 28.093, 27.097, P21/c
    LAXZEQ, 20.571, 20.571, 3.916, P4/n
    LEDBAB, 4.761, 28.845, 30.854, Ibam
    LEDWAU, 24.980, 31.666, 4.450, Fdd2
  LEFTEY01, 28.115, 4.548, 23.970, C2/c
    LEHHAH, 29.683, 5.897, 39.038, A2/a
    LEHSOH, 31.394, 4.014, 25.240, P21/c
    LEJLEV, 21.339, 3.750, 43.277, I2
    LEJNIZ, 3.830, 27.695, 22.663, P21/n
    LEJRAX, 28.398, 28.398, 4.951, R-3
    LELYAF, 24.860, 4.038, 23.495, Pna21
    LEMWIM, 37.166, 37.166, 5.085, I41/a
    LEPGUM, 30.347, 4.929, 31.696, C2/c
  LEPTER02, 36.750, 7.229, 44.850, Pbcn
    LESSIL, 23.390, 3.983, 23.800, I2/a
    LETPAC, 33.649, 33.649, 5.611, R-3
    LETPOR, 52.175, 52.175, 10.023, I41/acd
  LETPOR01, 52.175, 52.175, 10.023, I41/acd
    LETQEI, 66.313, 66.313, 9.982, I41/acd
    LETRAF, 84.043, 66.298, 10.036, Cmca
    LETREJ, 84.115, 84.115, 10.069, I41/amd
    LEVHON, 46.598, 46.598, 9.125, P3
    LEVJAB, 46.669, 46.669, 9.214, P3
    LEWHOL, 67.786, 34.613, 4.649, Fdd2
    LEXNEK, 36.425, 3.863, 31.842, C2/c
    LEZPOY, 42.012, 42.012, 6.649, R-3
    LEZSOC, 6.791, 35.221, 48.259, P21/c
    LIDPUL, 28.673, 42.400, 4.232, Fdd2
    LIGDOX, 22.874, 4.062, 22.609, C2/c
    LILRIJ, 27.876, 31.252, 4.000, Fdd2
  LILRIJ01, 26.436, 29.579, 3.673, Fdd2
    LINGIB, 28.518, 3.921, 28.750, P2/n
  LINZOZ01, 36.459, 5.376, 36.986, P21/n
    LIVNAI, 27.520, 3.933, 21.653, C2/c
    LIWHUV, 27.292, 25.660, 4.737, P212121
    LIYPIU, 25.668, 4.473, 24.653, C2/c
    LIYTAP, 52.184, 52.184, 9.415, R-3
    LIYTET, 52.325, 52.325, 9.434, R-3
  LNLEUC11, 28.516, 5.235, 32.233, C2
    LOCHOB, 20.370, 3.751, 24.070, P21/c
    LOHJIE, 4.589, 27.262, 26.789, Cmc21
    LOHZAK, 34.762, 5.286, 27.752, C2/c
    LOJBIW, 34.414, 4.434, 26.236, C2/c
    LOLBAQ, 30.860, 5.735, 32.490, C2/c
    LONSAI, 28.735, 32.832, 5.698, Fdd2
    LOVFIN, 4.515, 26.511, 61.100, Fddd
    LOVJEO, 32.892, 35.027, 5.876, Fdd2
    LOXZUW, 22.189, 3.894, 20.938, C2
    LUBTAF, 3.876, 22.293, 26.325, P212121
    LUCFAT, 38.315, 38.315, 5.547, I41/a
    LUGLII, 19.595, 40.930, 3.509, Fdd2
    LUJMIO, 19.471, 37.639, 3.713, Fdd2
    LUPGIP, 3.821, 25.372, 23.680, P21/c
    LURQEW, 26.529, 5.199, 26.456, P21/c
    LUSLAP, 40.925, 40.925, 4.617, R-3
    LUSLUJ, 48.081, 4.783, 28.694, C2/c
    LUTHAK, 32.529, 6.272, 36.401, I2/a
    LUVQUR, 6.580, 38.825, 41.814, P212121
    MACOCA, 41.181, 41.181, 6.683, R3
    MAJCEF, 36.459, 4.697, 24.227, C2/c
    MAJMAP, 25.631, 3.625, 21.070, Pna21
    MAJQAT, 25.868, 3.756, 20.661, Pna21
    MAQYOS, 34.920, 34.920, 6.588, R-3
    MARTIK, 25.301, 51.746, 4.581, Fdd2
    MASQIK, 30.260, 4.659, 26.690, C2/c
    MAXHOJ, 3.410, 39.805, 43.607, Fddd
  MAXHOJ01, 29.601, 29.601, 3.450, I41/amd
  MAXHOJ02, 29.586, 29.586, 3.456, I41/amd
    MAXHUP, 19.598, 19.598, 3.502, P-4n2
  MCBIOT10, 24.737, 26.997, 4.647, P212121
    MEBGAE, 40.381, 40.381, 7.417, R3c
    MEBKAI, 37.149, 37.149, 7.144, R-3
    MEBKEM, 37.201, 37.201, 7.201, P-3
    MEBKIQ, 37.176, 37.176, 7.189, R-3
    MEBMEM, 19.358, 19.358, 3.513, P-4n2
  MEBMEM01, 19.347, 19.347, 3.501, P-4n2
    MEGVIG, 6.189, 32.735, 35.377, P212121
    MEJDIR, 23.162, 3.828, 31.488, I2/a
    MEJDOY, 24.128, 21.990, 3.733, Pnma
    MEJVOO, 29.620, 61.500, 5.320, Fdd2
    MEJXAE, 19.621, 3.856, 20.354, P21/n
    MEJXEI, 22.411, 3.877, 20.457, P2/c
    MEJZUX, 35.370, 3.969, 22.492, C2/n
    MEKWUY, 25.228, 5.016, 25.710, I2/a
    MELZAI, 24.535, 4.124, 38.741, I2/a
    MEMROO, 36.346, 36.346, 5.893, R-3
    MEMVUW, 26.505, 4.048, 20.630, Cc
    MENCXD, 30.210, 30.210, 5.848, R-3
    MEQTEL, 40.002, 40.002, 5.607, R3
    MERLIH, 22.098, 3.791, 21.391, Cc
    METROT, 32.347, 32.347, 4.078, R-3
    MEXDAW, 24.701, 4.853, 25.063, C2/c
    MEXPOW, 39.992, 4.130, 21.143, C2/c
    MEYGIJ, 29.697, 33.356, 5.454, Fdd2
    MICCIM, 46.414, 5.908, 33.320, C2/c
    MICCUY, 36.680, 5.819, 33.079, Pna21
    MIMQIJ, 35.243, 35.243, 5.185, R-3
    MIPHUQ, 29.534, 29.534, 5.562, I4
    MIPRUY, 3.853, 29.526, 25.670, Pc21b
    MIPTOV, 46.130, 4.096, 27.049, C2/c
    MIRQOV, 26.419, 26.419, 3.882, I41/a
  MIRQOV01, 26.465, 26.465, 3.902, I41/a
  MIRQOV02, 26.650, 26.650, 3.965, I41/a
  MIRQOV03, 26.442, 26.442, 3.834, I41/a
  MIRQOV04, 26.442, 26.442, 3.834, I41/a
    MISXES, 33.410, 5.079, 27.919, C2/c
    MIWZEX, 3.851, 21.542, 21.494, P21/c
  MIWZEX01, 3.851, 21.542, 21.494, P21/c
    MIXBON, 20.016, 3.946, 27.569, P21/c
    MIYJUZ, 33.365, 3.991, 20.837, C2/c
    MOBBOW, 46.408, 5.787, 29.513, C2/c
    MODYIP, 4.188, 21.206, 30.008, P21/n
    MOFSAE, 29.225, 4.335, 24.923, C2/c
    MONLAE, 29.360, 3.823, 24.968, C2/c
    MOPHUU, 20.892, 33.380, 3.942, Fdd2
    MOPSIV, 39.684, 6.098, 35.589, C2/c
    MOWTID, 28.800, 28.800, 4.421, I41/a
    MOXTID, 44.787, 4.773, 24.110, C2/c
  MPIPXY04, 36.000, 36.000, 6.080, Unknown
    MTCBPB, 21.073, 27.422, 4.214, Fdd2
    MUCFOF, 20.950, 24.920, 3.848, Pna21
    MUDSAI, 29.369, 27.773, 3.827, C2/m
    MUDSIQ, 29.090, 28.610, 3.928, C2/m
    MUFDUP, 29.036, 28.538, 3.871, C2/m
    MUFFAX, 29.160, 28.690, 3.998, C2/m
    MUHBUP, 24.576, 4.242, 25.800, Pca21
    MUJVEV, 19.718, 19.188, 3.715, Pnma
    MUJZIC, 43.512, 43.512, 6.623, R-3
    MUNKOX, 34.810, 4.908, 26.260, C2/c
    MUNKUD, 40.850, 3.720, 25.760, C2/c
    MUNRUL, 39.355, 4.837, 42.786, I2
  MUPWAY01, 19.789, 3.768, 19.732, P21/c
  MUPWAY02, 19.851, 3.861, 19.782, P21/c
  MUPWAY03, 19.565, 3.711, 19.600, P21/c
  MUPWAY04, 19.479, 3.666, 19.594, P21/c
  MUPWAY05, 19.356, 3.596, 19.521, P21/c
  MUPWAY06, 19.295, 3.598, 19.502, P21/c
  MUPWAY07, 19.164, 3.522, 19.444, P21/c
  MUPWAY08, 18.950, 3.437, 19.322, P21/c
  MUPWAY09, 18.797, 3.379, 19.274, P21/c
  MUPWAY10, 18.753, 3.368, 19.277, P21/c
  MUPWAY11, 18.634, 3.328, 19.201, P21/c
  MUPWAY12, 18.560, 3.311, 19.165, P21/c
  MUPWAY13, 18.464, 3.270, 19.117, P21/c
  MUPWAY14, 18.413, 3.253, 19.094, P21/c
  MUPWAY15, 18.370, 3.242, 19.083, P21/c
  MUPWAY16, 18.346, 3.231, 19.045, P21/c
  MUPWAY17, 18.310, 3.227, 19.037, P21/c
    MUQYEC, 47.160, 47.160, 7.209, R-3
    MUSROH, 38.574, 38.574, 7.358, R-3
    MUSVUU, 28.176, 5.163, 29.909, Pbca
    MUTKES, 29.280, 4.029, 21.597, C2/c
    MUVFOB, 26.403, 3.982, 26.277, P21/c
    MUVLEX, 26.421, 4.763, 46.621, I2/a
    MUZJIC, 4.040, 23.361, 20.748, P21/n
    MUZPED, 35.650, 35.650, 6.306, R-3
    NABLOT, 27.941, 5.004, 41.560, C2/c
    NABQEP, 32.233, 33.721, 3.950, Fdd2
    NAFFIJ, 29.142, 29.142, 5.419, R3
    NAGFEH, 31.455, 6.150, 39.998, C2/c
    NAJHEM, 30.500, 30.500, 5.849, R-3
    NAKVUT, 24.006, 3.676, 19.154, C2/c
    NANKUL, 39.836, 39.836, 6.724, R-3
    NANLOH, 32.050, 4.006, 24.570, C2/c
    NAPCIS, 26.312, 5.248, 29.190, P21/c
    NAPCOY, 26.470, 5.280, 29.194, P21/c
    NAPCUE, 26.196, 5.207, 29.249, P21/c
    NAPDAL, 26.540, 5.159, 29.530, P21/c
    NAPDEP, 26.464, 5.122, 29.480, P21/c
    NAPPYR, 30.730, 3.855, 19.870, C2
  NAPPYR01, 30.800, 3.837, 19.870, C2
  NAPPYR03, 30.567, 3.808, 19.684, C2/c
    NAPSAZ, 3.816, 23.153, 23.877, P21/n
    NAQTEF, 44.009, 44.009, 8.697, R-3
    NASCAP, 27.513, 27.513, 3.522, I41/a
    NAVPOQ, 36.237, 4.700, 25.637, C2
    NAWLEG, 49.972, 5.423, 36.998, C2/c
  NBZANO12, 32.581, 3.739, 26.650, C2/c
    NEDROD, 21.311, 3.908, 27.581, I2/a
    NEFDEH, 20.717, 4.041, 21.383, P21/n
    NEGCAG, 30.364, 30.364, 5.803, P42/n
    NEJRAW, 32.522, 46.872, 5.550, Fdd2
    NENKUO, 30.426, 30.426, 5.685, R-3
    NENMEZ, 4.711, 24.857, 30.823, Pbc21
    NENWEI, 43.152, 4.216, 23.256, C2/c
    NEPLUP, 25.782, 4.107, 21.947, P21/c
  NEPLUP01, 25.782, 4.107, 21.947, P21/c
    NEPTAG, 39.014, 4.852, 31.226, C2/c
    NEQMII, 21.635, 3.932, 25.555, I2/a
    NEWBAS, 30.604, 51.461, 5.803, Fdd2
    NEWSEO, 34.784, 57.476, 4.767, Fdd2
    NEYYUO, 30.725, 4.516, 28.331, C2/c
    NICZUX, 4.981, 26.603, 30.448, P21/n
    NIDBEK, 28.659, 4.864, 31.992, P21/n
    NIDVOP, 31.936, 4.728, 28.352, C2/c
    NIGQAY, 37.336, 37.336, 7.405, R-3
    NIGYAF, 20.193, 20.033, 3.975, Pna21
    NIHBAH, 21.277, 21.277, 3.544, P42/n
    NIKDES, 29.349, 5.077, 28.228, C2/c
    NILNAY, 36.999, 36.999, 5.214, R-3
    NIMJOJ, 4.525, 32.383, 24.445, P21/c
  NIMRIK08, 40.823, 5.872, 32.332, C2/c
    NIMRUX, 33.589, 33.589, 5.893, R-3
    NINQIL, 27.511, 4.659, 23.402, C2/c
    NINYOZ, 41.778, 4.777, 28.950, C2/c
    NIPHCA, 23.500, 3.780, 21.900, I2/c
  NIPHCA11, 22.044, 3.764, 23.474, I2/c
    NIRFAX, 25.723, 30.244, 4.766, Fmm2
    NIVYEW, 41.583, 41.583, 6.869, R-3
  NIXQAM01, 30.066, 21.937, 4.098, Fdd2
    NIXROE, 34.968, 34.968, 6.248, R-3
    NOFNAA, 38.895, 38.895, 7.365, I41/a
    NOFTAF, 30.165, 4.400, 24.600, C2/c
    NOHBES, 48.436, 53.887, 5.834, Fdd2
    NOHTIN, 3.949, 26.391, 19.930, P21/c
    NOMWAQ, 6.411, 33.538, 35.262, P212121
  NONACT01, 28.252, 5.569, 28.270, P2/n
    NOQVUL, 21.634, 3.829, 26.660, Pca21
    NORSUL, 19.391, 3.866, 32.588, Pna21
    NOXMAQ, 36.006, 6.013, 31.426, Ibam
    NPHYAC, 22.980, 3.900, 21.910, C2/c
  NPHYAC01, 22.784, 3.831, 21.729, C2/c
    NUDVEQ, 24.292, 4.835, 24.876, C2/c
    NUGKIL, 63.465, 5.525, 29.511, Pca21
    NUKZUR, 31.060, 4.750, 35.854, P21/n
    NUMQOE, 20.522, 3.810, 26.193, C2/c
    NUNTIC, 30.942, 30.942, 5.999, R-3
    NUPDOS, 36.502, 36.502, 6.774, P3
  NUPDOS01, 36.502, 36.502, 6.774, P3
    NUPKIU, 49.785, 49.785, 6.750, P61
    NURBAE, 40.186, 4.784, 30.073, C2/c
    NUTGIU, 59.367, 4.711, 39.948, C2/c
    NUTRUS, 55.051, 3.836, 35.979, C2/c
    NUTWUW, 52.430, 48.844, 6.799, Fdd2
    NUWBAK, 26.401, 3.906, 21.698, P21/c
    NUWDIV, 33.687, 33.687, 6.227, I41/a
    NUYWUB, 3.749, 24.269, 20.429, P21/c
    NUZGUM, 34.411, 3.651, 20.746, C2/c
    OBEWOK, 24.301, 3.826, 34.880, P21/c
    OBIQUN, 25.002, 33.105, 4.567, Fdd2
    OBUDIA, 30.472, 3.803, 21.300, C2/c
    OBUQIM, 46.610, 46.610, 4.075, R-3
    OCAYEA, 27.132, 3.845, 28.759, C2/c
    OCEPUK, 35.812, 35.812, 3.956, I41/a
    OCERIZ, 22.156, 3.875, 26.773, C2/c
  OCESAT02, 24.171, 3.710, 32.824, C2/c
    OCIVII, 45.598, 3.894, 20.311, C2/c
    ODAKOV, 27.671, 4.589, 23.954, P21/c
  ODAKOV01, 27.684, 4.591, 23.937, P21/c
    ODEQAP, 20.186, 20.493, 3.884, C2/m
  ODEQAP01, 20.035, 20.402, 3.856, C2/m
  ODEQAP02, 20.035, 20.402, 3.856, C2/m
    ODEQOD, 20.819, 20.819, 4.140, I41md
    ODEQUJ, 20.765, 21.233, 4.143, C2/m
    ODIQAW, 4.190, 29.106, 24.680, P21/c
    ODIRIE, 30.174, 4.663, 32.708, C2
  ODOCOB01, 43.528, 4.180, 24.057, C2/c
    OFATIB, 47.925, 47.925, 9.480, R-3
    OFUJOR, 32.577, 6.009, 44.111, C2/c
    OGAXAX, 44.370, 3.811, 30.280, Cc
    OGOFOI, 35.267, 5.957, 40.819, C2/c
    OHACEH, 49.337, 20.907, 3.699, Fdd2
    OHBZHD, 40.778, 34.990, 4.928, Fdd2
    OHIMAW, 43.820, 44.570, 3.480, P1
    OHISUV, 46.312, 46.312, 5.627, R-3
    OHOKIH, 42.784, 6.045, 31.552, C2/c
  OHOZOB01, 31.582, 31.582, 5.836, R-3
  OJIPIH02, 8.228, 47.115, 52.213, P22121
  OJIXUC01, 30.539, 24.040, 3.832, Fdd2
    OKUMOY, 23.224, 4.545, 23.134, Pca21
    OKUZAW, 61.414, 8.454, 49.699, Cc
    OLACEJ, 23.546, 3.828, 25.173, C2/c
  OLEPOK01, 21.305, 3.735, 35.183, I2/a
  OLEPOK02, 21.313, 3.732, 35.183, I2/a
    OLURUL, 30.884, 40.417, 3.985, Fdd2
  OLURUL01, 40.402, 30.873, 3.962, Fdd2
    OMEMIF, 46.259, 46.259, 7.028, R-3
    OMOROX, 34.375, 34.375, 5.759, R3
    OMOTUH, 30.180, 4.591, 23.906, P21/c
  OMOTUH01, 30.180, 4.591, 23.906, P21/c
    ONATOP, 34.196, 34.196, 5.316, R-3
    ONEMEC, 22.421, 3.858, 46.049, Pca21
    ONEYUD, 26.927, 4.773, 29.451, C2/c
    ONEZEO, 27.265, 4.783, 26.369, C2/c
    ONINIK, 26.837, 4.774, 25.763, C2/c
    ONINUW, 26.559, 4.780, 29.195, C2/c
    OPOKUC, 25.952, 4.498, 25.674, P21/c
    OQABOY, 22.188, 22.188, 3.872, P42/n
    OQEPUW, 39.918, 39.918, 7.711, R-3
    OQICID, 35.719, 4.824, 26.797, C2/c
    OQUTIG, 62.451, 62.451, 11.572, R-3m
  OQUTIG01, 62.451, 62.451, 11.572, R-3m
    ORAHIA, 46.985, 7.805, 44.660, C2/c
    OROQUK, 32.781, 3.926, 21.708, C2/c
  OSEHUR01, 29.390, 3.864, 20.034, P21/c
    OSIGAZ, 34.674, 34.674, 6.096, R-3
    OSIWUK, 33.100, 41.628, 5.851, Fdd2
    OSUXIL, 57.941, 57.941, 10.663, I41/a
    OTARUX, 22.385, 22.385, 3.713, I41/a
  OTARUX01, 22.377, 22.377, 3.729, I41/a
  OTARUX02, 22.400, 22.400, 3.733, I41/a
    OTUFOZ, 30.539, 30.539, 5.849, R-3
    OVANEG, 34.360, 5.282, 27.627, Pna21
    OVANIL, 25.099, 24.522, 4.791, Fdd2
  OVANIL01, 24.367, 24.407, 4.779, Fdd2
  OVEDIE02, 28.560, 4.023, 22.533, C2/c
    OVODIP, 30.859, 30.859, 5.020, R3
    OVUDOZ, 5.263, 41.705, 33.069, P21/n
    OWAPIO, 37.745, 37.745, 5.638, P63
    OWARIQ, 24.963, 3.800, 20.887, C2/c
    OXABAT, 59.529, 59.529, 6.964, R-3c
    OXABIB, 65.827, 65.827, 6.988, R-3c
    OXAZOE, 26.097, 3.748, 19.660, C2/c
    OXOCOU, 49.520, 4.861, 40.620, C2/c
    OYAJAA, 32.834, 3.972, 25.733, C2/c
  OYIGEK02, 3.607, 19.316, 18.825, Pbcn
    OYOCAJ, 40.670, 6.140, 35.368, C2/c
    OZEJAF, 24.176, 4.292, 25.685, C2/c
    OZIYEC, 40.844, 60.104, 6.941, Fdd2
    OZUNUV, 21.177, 3.849, 31.980, C2/c
    OZUPAD, 38.781, 3.802, 27.360, C2
    OZUSIO, 23.582, 3.950, 24.079, P21/c
    PABRIW, 3.605, 19.929, 18.484, P21/c
    PABTES, 22.110, 4.322, 25.287, C2/c
    PADLAL, 28.070, 5.575, 28.060, P21/n
    PAFDUW, 32.846, 5.357, 29.046, C2
    PAJLEV, 32.795, 55.467, 3.966, Fdd2
    PAKYIN, 22.542, 41.554, 4.132, Fdd2
    PALQIF, 30.905, 4.765, 24.694, C2/c
    PALXUV, 27.817, 4.030, 22.814, C2/c
  PAMVIK02, 25.991, 3.871, 21.352, P21/c
  PAMVIK03, 46.139, 3.856, 28.716, C2/c
    PANTIJ, 42.384, 42.384, 5.095, R-3
    PARCUH, 27.364, 5.370, 32.357, C2/c
    PARGAT, 21.318, 32.934, 4.092, Fdd2
    PARMUU, 45.246, 45.246, 8.562, I41/a
    PARXOZ, 36.060, 3.955, 29.540, C2/c
    PARYUD, 17.179, 3.319, 16.692, P2
    PASSEK, 38.380, 3.927, 28.039, C2/c
    PAWKUV, 24.249, 3.792, 22.609, C2/c
    PAXYEW, 3.928, 23.393, 23.544, P1
    PAZPCP, 27.070, 4.087, 20.910, C2/c
    PBPHCY, 25.480, 25.480, 3.730, P1121/b
    PCNTNI, 66.570, 66.570, 11.075, R-3
    PECLUI, 3.810, 19.998, 25.005, P21/c
    PEDWOM, 5.571, 28.983, 31.253, P21/n
  PEDWOM02, 5.607, 29.242, 31.771, P21/n
  PEDWOM03, 5.607, 29.233, 31.768, P21/n
  PEFTIE01, 25.834, 34.325, 4.155, Fdd2
    PEGDOY, 34.113, 4.041, 28.573, C2/c
    PEHRED, 39.325, 32.961, 5.997, Fdd2
    PEKKOH, 42.332, 5.515, 41.938, C2/c
    PEKQOM, 29.141, 5.113, 44.207, C2/c
    PEKSAB, 36.985, 26.256, 5.135, Fdd2
    PEKTAE, 31.365, 5.020, 26.652, C2/c
    PELSIM, 24.652, 3.887, 21.202, Cc
    PEMFEW, 31.090, 4.510, 24.671, C2/c
    PEPMUW, 20.732, 3.864, 20.637, C2/c
    PERRIR, 34.368, 28.443, 5.445, Pna21
    PERSOX, 24.534, 3.750, 18.811, C2/c
    PESQIR, 3.918, 24.655, 21.883, P21/c
    PESSOY, 36.611, 36.611, 5.319, P6
    PESSUE, 41.523, 41.523, 5.329, P6
    PEWNEM, 22.893, 42.755, 3.622, Fdd2
    PEWREQ, 38.835, 7.604, 38.877, I2
    PEXBZA, 27.148, 4.013, 21.787, C2/c
    PEYQEQ, 24.430, 31.717, 4.441, Fdd2
    PEYSAP, 39.714, 6.554, 37.438, C2/c
    PEYSOD, 35.272, 35.272, 5.282, R-3
    PEZJUZ, 30.175, 30.175, 5.668, P4/n
    PEZQOE, 5.803, 29.823, 31.345, P-1
  PHNAPH02, 24.802, 3.883, 21.100, C2/c
    PHPRSI, 26.078, 23.949, 3.887, B112/b
  PHTHCY04, 26.124, 3.801, 23.889, C2/n
  PHTHCY08, 26.121, 3.797, 23.875, C2/n
    PHTPCF, 25.080, 25.080, 4.780, P63/m
    PHXTCN, 28.370, 28.370, 5.597, I-4
    PIBFIT, 5.630, 34.434, 47.132, P-1
    PIBGOA, 40.300, 40.300, 5.176, R-3
    PICMOF, 38.342, 38.342, 5.783, I41/a
    PIFDIT, 68.514, 68.514, 10.822, R-3
    PIGBIR, 33.335, 33.335, 6.190, P42/n
    PIHTIJ, 26.499, 26.499, 5.143, R3
    PIJCUJ, 43.091, 43.091, 7.809, R-3
    PIKYUG, 39.717, 39.717, 6.087, R3c
    PIMNOR, 24.551, 4.848, 31.325, C2/c
    PINXOC, 36.160, 4.066, 28.871, C2/c
    PIVBOL, 37.302, 37.302, 4.728, R3
  PIVBOL01, 37.315, 37.315, 4.734, R3
    PIWNAK, 39.027, 39.027, 4.965, R-3
    PIXNOC, 32.661, 32.661, 5.651, I41/a
    PIXRAR, 44.313, 44.313, 6.514, R-3
    PIXREV, 44.270, 44.270, 6.519, R-3
    POGGOO, 33.806, 33.806, 6.023, R-3
    POKCIE, 22.892, 3.746, 26.971, C2/c
    POPJAI, 25.617, 32.154, 4.340, Fdd2
    POPVEY, 38.709, 38.709, 5.462, I41/a
    PORLOZ, 4.341, 22.188, 22.704, P212121
    POTJAK, 37.807, 57.506, 6.068, Fdd2
    POTJAL, 36.223, 36.223, 5.431, I41/a
    POXKIX, 36.047, 4.277, 24.816, C2/c
    POYDAL, 30.007, 31.894, 4.360, Fdd2
    PRANRO, 22.050, 3.840, 21.160, P21/n
  PTPOCY10, 26.290, 3.818, 23.920, C2/n
  PTPOCY11, 25.780, 3.969, 23.160, B21/a
    PUBDOF, 35.739, 4.857, 24.859, C2/c
  PUBDOF01, 35.645, 4.851, 24.804, C2/c
  PUBTEM01, 34.258, 3.857, 19.879, C2/c
    PUDQUA, 29.244, 5.404, 48.680, C2
    PUHJUX, 49.520, 49.520, 9.009, R-3
    PUJKUB, 33.006, 4.064, 20.654, C2
    PUKPIV, 25.292, 34.412, 4.718, Fdd2
    PUPWAZ, 29.340, 3.934, 21.691, C2/c
    PUQFEN, 33.916, 33.916, 6.263, R-3
    PUQFIT, 46.422, 7.727, 46.356, C2/c
    PURPUQ, 59.730, 8.904, 54.089, C2/c
  PURSEB02, 23.107, 23.107, 4.607, Pna21
    PURURE, 20.921, 35.274, 3.622, Fdd2
    PUTRUT, 29.743, 5.055, 30.776, I2/a
    PUTWAC, 28.445, 5.177, 28.209, C2/c
    PUXBOZ, 33.295, 33.289, 6.586, C2/c
    PUXLUP, 37.887, 37.887, 5.722, R-3
  PUXLUP01, 37.766, 37.766, 5.729, R-3
  PUXLUP03, 38.032, 38.032, 5.785, R-3
  PUXLUP07, 37.867, 37.867, 5.714, R-3
    PUZJUQ, 41.647, 41.647, 7.612, R-3
    PUZKAX, 41.437, 41.437, 7.633, R-3
    PUZKEB, 41.120, 41.120, 7.648, R-3
    PVVALA, 1.630, 10.880, 24.520, Unknown
  PVVBFV01, 37.000, 7.060, 60.640, C*/*
    PYMOCM, 31.610, 31.920, 4.110, Fdd2
    QABPUH, 4.294, 32.468, 42.489, F2dd
    QABZUR, 3.657, 19.813, 18.745, P21/c
    QADNAO, 47.570, 47.180, 8.190, Iba2
    QADNIW, 47.140, 47.140, 7.982, I-4c2
    QADNOC, 46.710, 46.740, 8.250, Iba2
  QADNOC01, 47.750, 47.794, 8.228, Iba2
    QAFLEO, 26.991, 4.009, 31.169, P21/c
    QAFXEE, 33.217, 5.626, 33.070, C2/c
    QAKGUG, 3.818, 20.816, 21.442, P212121
    QALNID, 25.087, 4.564, 25.103, C2/c
    QALWEI, 24.392, 24.392, 4.824, I41/a
    QARLIH, 33.240, 33.240, 5.889, I4/m
    QAXBUN, 19.977, 39.392, 3.539, Fdd2
    QAZXAQ, 29.016, 29.016, 5.757, I41/a
    QEFBIP, 42.788, 42.788, 7.420, R-3
    QEFNOI, 25.967, 33.194, 4.489, Fdd2
    QEFQOL, 27.012, 31.491, 4.537, Fdd2
    QEFWAC, 29.449, 4.649, 29.503, P2/n
    QEGZEK, 23.606, 3.944, 34.949, I2/a
    QEMQOS, 35.011, 35.011, 6.356, I41/a
  QEMQOS01, 35.011, 35.011, 6.356, I41/a
    QENMEC, 35.642, 35.642, 6.665, R-3
  QENMEC01, 35.405, 35.405, 6.626, R-3
  QENMEC02, 35.348, 35.348, 6.610, R-3
    QENVOU, 43.316, 43.316, 8.495, R-3
    QENZIV, 33.738, 26.688, 4.172, Fdd2
    QERJAZ, 20.724, 3.863, 21.472, C2/c
    QESBEY, 45.888, 45.888, 8.448, R-3
    QEVDOO, 6.224, 33.805, 41.077, P21/n
    QIBWAA, 4.820, 26.103, 25.165, P21/n
    QIKGAU, 21.931, 4.342, 25.547, P21/c
    QIKLEB, 54.982, 54.982, 8.549, R-3
    QIKQAF, 22.181, 4.037, 20.640, C2
  QILYUH01, 25.623, 3.843, 22.709, C2/c
    QIPMEJ, 35.813, 6.405, 37.008, P21/c
    QIRFOO, 28.484, 3.953, 24.433, C2/c
    QIXYAY, 28.127, 3.814, 19.595, C2/c
    QIZDIM, 46.290, 46.290, 6.212, I41/a
    QOBPOM, 3.856, 21.877, 22.117, Pbc21
    QODMII, 28.601, 4.219, 26.103, C2/c
    QODQEI, 34.479, 4.424, 28.182, Pca21
    QOLTOC, 41.199, 41.199, 5.776, I41/a
    QOQXAV, 34.650, 3.730, 20.760, C2/c
    QOVLUI, 32.635, 4.975, 32.408, C2/c
    QOXWEI, 70.029, 70.029, 9.106, R-3
  QQQBKD01, 24.504, 24.504, 3.785, P42/n
  QQQBKD02, 24.606, 24.606, 3.852, P42/n
    QQQCOG, 45.970, 38.240, 6.720, Fddd
    QQQEEM, 25.081, 3.697, 21.437, Unknown
    QQQGPS, 36.690, 3.820, 38.760, C2/c
    QQQHDA, 3.900, 22.720, 28.840, P21/c
    QQQHGG, 25.300, 3.760, 25.000, Unknown
    QQQHGM, 25.500, 3.770, 25.200, Unknown
    QUDHAY, 31.842, 5.983, 30.970, C2/c
    QUFHAA, 37.513, 37.513, 3.937, R-3
    QUFKUZ, 3.911, 20.595, 22.458, P21/n
    QUHZEZ, 3.897, 21.450, 28.117, P21/c
    QUKRAS, 26.492, 26.492, 5.170, P61
    QUSSED, 46.434, 3.914, 34.656, C2/c
    QUSSIH, 3.897, 21.877, 29.152, P21/n
    QUSSON, 19.872, 3.865, 28.764, P21/c
    QUSTAA, 3.832, 27.975, 23.031, P21/c
    QUTCNQ, 28.468, 3.838, 25.704, C2/c
    QUXSEJ, 31.820, 31.820, 6.203, R3
    QUYGIB, 20.305, 3.999, 25.574, Pca21
    QUZZAO, 24.016, 3.695, 24.183, P21/c
  RABKAJ01, 36.463, 36.463, 6.679, R-3
    RACYUT, 50.481, 52.026, 9.730, Fdd2
    RAFJUD, 3.996, 23.193, 29.483, P212121
    RAFNUH, 5.772, 29.452, 30.512, Fddd
  RAFNUH01, 24.861, 24.861, 4.802, I-42d
    RAFZIK, 29.525, 4.940, 25.663, C2/c
    RAGYED, 21.797, 3.756, 24.425, I2/a
    RAHJIT, 31.930, 4.623, 28.232, C2/c
    RANKUP, 3.804, 53.352, 60.064, Fddd
    RAPDIV, 37.480, 37.480, 7.419, R-3
    RAQFAU, 33.168, 51.660, 6.332, Fdd2
    RAQXEQ, 41.178, 30.389, 4.818, Fdd2
    RAVVUH, 36.255, 36.255, 6.848, R-3
    RAVWAO, 45.840, 45.840, 6.474, R-3
    RAVWES, 55.632, 55.632, 6.694, R3
    RAVWIW, 66.415, 66.415, 6.819, R3
    RAVWOC, 68.959, 68.959, 6.462, R-3
    RAVWUI, 78.643, 78.643, 6.816, R3
    RAVXAP, 91.960, 91.960, 6.988, R3
    RAVXET, 94.398, 94.398, 6.732, R-3
    RAVXIX, 113.774, 113.774, 6.944, R3
    RAVXOD, 145.043, 145.043, 7.038, R3
    RAYQAK, 29.706, 29.706, 3.461, P6/mmm
    RAZGOQ, 24.756, 24.756, 4.761, I41/a
    RECDIN, 32.832, 32.832, 4.062, R-3
    REFJOD, 41.356, 3.894, 24.169, C2/c
    RELWAK, 48.815, 5.193, 34.415, C2/c
    REMDAP, 28.419, 4.896, 27.529, C2/c
    REQDEA, 41.261, 3.768, 43.447, C2/c
    RERPUC, 31.035, 34.022, 3.756, Fdd2
    RERYOF, 32.118, 25.705, 4.386, Fdd2
    RETBAX, 30.825, 5.852, 31.045, I2/a
    RETDAV, 19.410, 19.410, 3.346, P6/m
  RETDAV01, 19.410, 19.410, 3.346, P6/m
    RETXOD, 29.050, 4.011, 22.645, C2/c
    REXTIB, 27.009, 27.009, 4.785, R3
    REXTOH, 26.415, 26.415, 4.778, R3
    REXTUN, 26.405, 26.405, 4.780, R3
    REXVAV, 27.351, 27.351, 4.817, R3
    REXXID, 29.295, 46.538, 5.794, Fdd2
    RIBLOE, 35.191, 35.570, 6.167, Pnnm
    RIDDOX, 46.250, 5.160, 27.023, C2/c
    RIDHIX, 30.515, 30.515, 4.552, I41/a
    RIKFEZ, 23.332, 23.332, 4.400, I-4
    RIMXAO, 22.652, 34.834, 3.718, Fdd2
    RINHUT, 29.713, 4.982, 25.526, C2/c
    RIPFIH, 27.303, 29.823, 5.385, Fdd2
    RIPXOG, 26.744, 3.866, 24.352, Pna21
    RIQSIV, 3.756, 28.819, 37.706, Fddd
    RIQXIB, 38.266, 38.266, 5.999, R-3
    RIQXUN, 27.525, 4.790, 28.447, Pca21
    RIRZIC, 27.217, 4.054, 23.767, C2/c
    RISSET, 3.829, 21.348, 22.566, P-1
    RIWKIU, 81.554, 81.554, 7.181, R-3
    RIYPUK, 19.838, 19.838, 3.731, P-4b2
    RIYQEY, 3.941, 19.716, 30.011, P212121
    RIYZIL, 25.282, 3.762, 35.085, I2/a
    RIZHIT, 43.902, 6.760, 48.896, Pna21
    RIZSUR, 24.578, 4.627, 25.807, P21/n
    ROBWEM, 27.175, 27.175, 5.258, I4
    ROCKOJ, 25.383, 4.080, 23.181, C2/c
    RODQIM, 27.109, 5.042, 37.898, C2/c
    ROFFOI, 31.768, 6.244, 38.729, C2/c
    ROFYIV, 4.902, 28.580, 25.060, Cc
  ROFYIV01, 4.898, 28.533, 24.981, Cc
    ROFZIY, 20.018, 3.699, 21.871, C2
    ROGFIF, 52.526, 23.873, 4.614, Fdd2
    ROHGIH, 23.140, 3.944, 28.740, P21/c
    ROLNAK, 25.309, 4.827, 28.596, P2/n
    ROMJAE, 47.491, 47.491, 9.170, R-3
    ROQFOV, 25.807, 3.700, 24.199, C2/c
    ROSDOU, 35.925, 41.558, 6.735, Fdd2
    ROSZAC, 23.420, 3.852, 23.789, P2/a
    RUFTOC, 45.265, 57.736, 7.924, Fdd2
    RUGYAU, 24.691, 3.862, 20.260, C2/c
    RUHJOW, 37.693, 37.693, 6.844, R-3
    RUHXEY, 44.805, 44.805, 8.825, R3
    RUPBEL, 23.164, 3.764, 24.856, P21/n
    RUPLIA, 30.240, 3.941, 20.418, C2/c
    RUQHUI, 37.138, 6.554, 36.181, C2/c
    RUQNEZ, 23.369, 3.703, 25.428, I2/a
    RURTIH, 32.255, 32.585, 5.847, Fdd2
    RUVWEK, 29.896, 4.168, 28.487, C2/c
    RUXRUX, 34.282, 3.677, 20.736, C2/c
    RUYXAM, 25.395, 5.043, 27.771, C2/c
    SABBOP, 36.530, 3.721, 38.242, C2/c
    SABFEI, 32.332, 3.725, 24.184, C2/c
    SABKEN, 23.899, 48.298, 3.731, Fdd2
    SABWUR, 38.937, 20.948, 3.790, Fdd2
    SABZUT, 44.169, 44.169, 8.276, R-3
    SACPIV, 27.800, 25.800, 4.300, Unknown
    SAFLAN, 42.330, 5.194, 28.821, C2/c
    SAGKAO, 33.111, 3.841, 25.220, C2/c
    SAJBAK, 28.326, 4.843, 25.901, C2/c
    SAJPUS, 31.070, 4.046, 24.326, C2/c
    SAJQEB, 44.262, 44.262, 3.951, R-3
    SAPCIW, 41.910, 3.952, 28.840, C2/c
    SARBOF, 35.998, 35.998, 7.191, R-3
    SARNEI, 28.655, 5.171, 29.506, P21/c
  SARNEI01, 28.655, 5.171, 29.506, P21/c
    SASHUR, 41.378, 4.058, 23.793, C2/c
    SASZIW, 31.472, 31.472, 3.656, I41/a
    SAXYIZ, 23.925, 33.316, 4.243, Fdd2
    SAZBIG, 50.222, 50.222, 9.718, R-3
    SEBLER, 22.269, 3.853, 26.754, Pca21
    SEBTUR, 24.148, 4.594, 24.140, P21/n
    SECKAP, 35.418, 35.418, 4.805, I4
    SEGBIR, 33.653, 33.653, 4.801, R-3
    SEGBOX, 33.697, 33.697, 4.788, R-3
    SEGCUD, 3.587, 17.965, 18.010, P-1
    SEGLOJ, 30.367, 5.286, 29.912, P2/c
    SEJLOK, 49.128, 5.709, 36.027, C2/c
    SEKMOK, 40.510, 40.510, 4.546, R-3
    SEMCAR, 30.900, 4.694, 28.560, C2/c
    SEMXUH, 33.594, 33.594, 3.916, R-3
    SENBUL, 35.518, 4.659, 23.399, C2/c
    SEQFAV, 32.081, 3.946, 27.865, C2/c
    SERLEJ, 21.615, 3.762, 24.846, C2/c
    SESPAH, 21.490, 4.041, 20.650, Fdd2
    SIBNEA, 27.257, 43.242, 4.009, Fdd2
    SICMIE, 35.724, 4.835, 24.352, C2/c
    SICQUT, 51.734, 51.734, 6.801, R-3
    SICREE, 51.611, 51.611, 6.829, R-3
    SIFTOT, 25.370, 3.820, 20.950, C2/c
    SIGCAN, 41.838, 3.727, 24.707, C2/c
    SIGKIF, 32.371, 5.581, 32.077, C2/c
    SIJLUV, 31.773, 36.815, 5.949, Fdd2
    SIKYOC, 25.157, 27.324, 4.136, Fdd2
    SILQIQ, 6.003, 30.939, 33.656, P212121
    SIMZET, 31.177, 45.145, 5.269, Fdd2
    SISJIN, 25.199, 4.851, 27.239, C2/c
    SIXPOH, 22.369, 4.036, 22.386, C2/c
    SIZHAN, 34.815, 34.815, 6.279, R3
    SOBCIY, 29.556, 5.768, 34.537, I2/a
    SODWIR, 22.459, 22.459, 4.275, P4/n
  SODWIR10, 22.459, 22.459, 4.275, P4/n
    SOGLEG, 33.908, 33.908, 5.675, R-3
    SOHBUP, 23.193, 37.189, 4.543, Fdd2
    SORWAA, 32.391, 5.746, 30.587, C2/c
    SORZEE, 33.600, 5.410, 33.070, P21/c
    SOTCIN, 44.090, 5.494, 39.520, C2
  SOTCIN10, 44.090, 5.494, 39.520, C2
    SOTMIX, 20.950, 3.980, 22.500, P21/c
    SUCWAO, 33.351, 26.198, 4.905, B112/b
    SUHPAP, 3.993, 20.097, 28.718, P212121
    SUJQUM, 71.373, 32.883, 6.046, Fdd2
    SUKMAP, 22.944, 28.613, 3.845, Fdd2
  SUKMAP01, 28.707, 22.998, 3.851, Fdd2
    SUKWED, 3.995, 21.182, 31.354, Fddd
    SULDIO, 19.710, 3.775, 23.807, C2/c
    SULHOW, 3.986, 21.312, 20.473, P21/c
    SUMRAW, 34.285, 5.934, 39.220, I2/a
    SUMREA, 34.592, 6.257, 35.505, I2
    SUMRIE, 34.512, 5.959, 38.939, P21/c
    SUMROK, 33.950, 6.002, 39.546, I2/a
    SUNWEE, 30.383, 30.383, 5.106, R-3
    SUPWOR, 27.075, 3.928, 26.359, C2/c
  SUPWOR01, 27.192, 3.942, 26.359, C2/c
    SUPWUX, 5.867, 38.923, 38.924, P-1
    SURFAP, 30.030, 3.728, 21.080, Pna21
    SUVQAD, 32.776, 3.895, 23.750, C2/c
    SUWWIT, 23.534, 31.359, 4.556, Fdd2
    SUWYOB, 29.402, 29.402, 5.164, I41/a
    SUYTAJ, 3.829, 27.387, 52.389, F2dd
    SUZCEX, 21.317, 3.994, 25.106, P21/c
    TABQOG, 28.131, 28.131, 4.094, I41/a
  TABQOG01, 28.108, 28.108, 4.069, I41/a
  TABQOG02, 28.166, 28.166, 4.123, I41/a
  TABQOG03, 28.076, 28.076, 4.049, I41/a
    TABREX, 28.275, 28.275, 4.112, I41/a
  TABREX01, 27.972, 27.972, 3.999, I41/a
    TABRIB, 28.180, 28.180, 4.070, I41/a
    TABSAT, 36.479, 36.479, 6.360, P-3
    TABSOI, 28.167, 28.167, 4.152, I41/a
    TADDIM, 35.041, 35.041, 6.261, I41/a
    TAFYUY, 40.434, 40.434, 6.091, P42/n
  TAFYUY01, 40.434, 40.434, 6.091, P42/n
    TAGCOW, 41.538, 41.538, 7.639, R-3
    TAGSEZ, 34.577, 3.855, 20.313, C2/c
    TAGXEI, 26.712, 26.712, 5.030, I4
    TAHCIQ, 32.955, 5.598, 28.245, C2
    TAJXAH, 30.713, 4.690, 27.406, P21/c
    TALGUL, 21.017, 3.757, 19.296, Pna21
    TAMMOK, 27.781, 4.132, 22.063, C2/c
    TAMWUB, 40.531, 40.531, 4.375, R-3
    TANMUT, 37.570, 37.570, 5.306, P4/n
    TAPFIB, 26.404, 4.778, 24.059, C2/c
  TAPLII01, 44.559, 5.083, 45.694, P21/n
    TAQGEA, 38.599, 5.917, 29.632, C2/c
    TAQLIK, 27.731, 5.241, 33.849, I2
    TASMUX, 33.676, 5.985, 31.178, C2/c
    TATSIU, 24.251, 32.814, 4.761, Pba2
  TATSIU01, 24.187, 32.755, 4.748, Pba2
    TATYEW, 48.290, 5.989, 32.245, Fddd
    TAVBAX, 40.538, 40.538, 7.175, R3
    TAXYEZ, 25.076, 3.761, 21.687, Pna21
    TAYGAE, 27.492, 5.227, 27.504, P21/n
    TBZHCE, 24.613, 3.860, 25.895, P21/n
    TECCUC, 29.723, 5.806, 38.396, P21/c
    TEFQEE, 19.656, 3.915, 19.893, Pn
    TEGTOS, 57.487, 57.487, 10.371, R-3
    TEGZUA, 32.410, 32.410, 6.056, I41/a
    TEKXEM, 33.749, 4.459, 28.151, C2/c
    TENVAM, 28.573, 36.688, 5.261, Fdd2
    TESXUK, 52.986, 52.986, 10.545, R3
  TETBUS02, 48.610, 4.746, 36.495, C2
    TETBUT, 4.924, 31.642, 25.329, Fdd2
    TETGAD, 5.809, 33.125, 50.482, F2dd
    TEVQOA, 22.599, 4.334, 29.566, C2/c
  TEVQOA01, 22.599, 4.334, 29.596, C2/c
    TEYSUP, 35.518, 35.518, 7.085, R-3
    TIBKEW, 48.953, 48.953, 7.866, R-3
    TIFBIW, 3.820, 19.117, 25.488, Pccn
    TIGYUH, 56.685, 56.685, 10.279, R-3
    TIGZUI, 21.385, 3.530, 20.080, C2/c
  TIGZUI01, 21.380, 3.500, 20.080, C2/c
    TIHRIO, 49.951, 3.941, 28.261, C2/c
    TIQBUR, 41.324, 41.324, 7.467, R-3
    TIQWIA, 26.085, 81.761, 4.443, Fdd2
    TIWNAR, 39.498, 39.498, 4.799, R-3
    TIWPUN, 4.426, 27.660, 22.378, P21/c
    TIZVOQ, 40.000, 40.000, 7.824, I41cd
  TMBZAC06, 3.906, 21.467, 27.855, P-1
  TOCPIM01, 25.470, 3.910, 31.420, P*/*
  TOCPIM11, 25.020, 3.970, 30.960, P21/c
    TODTUD, 24.513, 42.263, 4.154, Fdd2
    TOLJIP, 3.856, 20.044, 26.915, P21/n
    TOLKIR, 26.279, 30.020, 4.404, Fdd2
    TOMJIR, 36.293, 36.293, 6.980, I41/a
    TONLEN, 3.944, 25.430, 20.795, C2221
    TOQNOF, 4.525, 24.550, 23.210, P21/n
    TOTGIV, 42.005, 5.670, 33.014, C2/c
    TOWWOT, 31.185, 30.231, 3.854, Pnma
    TOZPIK, 27.962, 41.630, 5.027, Fdd2
    TOZWOU, 42.900, 42.900, 8.400, R-3
    TPCHDA, 30.990, 54.830, 3.700, Fddd
    TPCHDB, 19.740, 19.740, 3.721, P-4b2
  TTAMOX01, 41.630, 5.747, 30.679, C2/c
    TTCPIX, 22.270, 3.913, 19.890, P1
    TUBCEB, 3.967, 24.324, 29.265, Pc
    TUBYUN, 21.110, 21.110, 3.837, P65
    TUJVUR, 25.680, 3.848, 32.020, C2/c
    TUKGIS, 45.054, 45.054, 7.341, R3c
    TUKXAZ, 31.210, 4.953, 26.880, C2/c
    TULLIX, 46.561, 5.926, 33.495, C2/c
    TUMTAY, 20.851, 4.011, 23.038, C2/c
    TUQFER, 43.280, 43.280, 6.903, R-3
    TURGUK, 29.889, 5.245, 31.439, C2
    TURJUO, 43.547, 24.859, 4.322, Fdd2
    TUSDAP, 21.597, 4.064, 22.734, Pca21
  TUSDAP01, 21.597, 4.064, 22.734, Pca21
    TUSLOK, 40.455, 3.834, 29.733, C2/c
    TUSZOX, 27.518, 27.518, 4.745, R3
    UBEGUH, 32.609, 4.045, 23.713, C2/c
    UBEHAM, 35.020, 4.615, 29.095, C2/c
    UBERAX, 39.546, 39.546, 5.931, R3
    UBOHOM, 21.791, 29.944, 3.638, Fdd2
  UBOHOM01, 21.791, 29.944, 3.638, Fdd2
    UBOSAJ, 63.373, 12.583, 107.558, I2
    UBUJOU, 36.522, 3.828, 28.639, C2/c
  UBUJOU01, 36.534, 3.842, 28.656, C2/c
  UBUJOU02, 36.553, 3.855, 28.687, C2/c
  UBUJOU03, 36.575, 3.870, 28.723, C2/c
  UBUJOU04, 36.591, 3.885, 28.759, C2/c
    UCASAV, 25.430, 4.667, 27.883, C2/c
    UCIHIZ, 24.966, 3.835, 26.758, C2/c
  UCIHIZ01, 24.966, 3.835, 26.758, C2/c
    UCIHOF, 24.398, 3.802, 26.608, C2/c
    UCIVEL, 28.068, 3.693, 26.496, C2/c
    UDAGEO, 36.662, 37.055, 5.109, Fdd2
    UDAKIU, 24.738, 3.938, 32.063, P21/c
    UDEJES, 41.129, 93.155, 5.851, Fdd2
    UFANUK, 40.638, 7.687, 40.183, C2/c
    UFAVAB, 28.620, 5.258, 28.609, C2
    UFUVEZ, 3.770, 27.503, 29.367, I2/m
    UFUZOM, 32.596, 4.916, 25.999, C2/c
    UGUFOS, 36.000, 36.000, 6.213, R-3
    UHAJUI, 32.408, 3.874, 27.123, C2/c
    UHEPEE, 33.063, 33.063, 4.877, R-3
    UHIVEP, 42.964, 42.964, 3.820, R-3
    UHOBIE, 36.071, 5.617, 47.700, I2/a
  UHOBIE01, 56.337, 5.706, 36.189, C2/c
  UHOBIE02, 36.071, 5.617, 47.700, I2/a
    UJOXEY, 20.441, 4.026, 23.836, P21/c
    UKELUU, 26.208, 3.710, 26.578, C2/c
  UKIFIG01, 30.644, 30.644, 5.414, I41/a
    ULAREH, 26.925, 25.074, 3.984, Fdd2
    ULICID, 38.166, 4.834, 37.069, C2/c
    UMEROU, 43.650, 43.650, 3.520, P6/mmm
    UMEYOC, 30.389, 23.780, 4.432, Fdd2
    UMILIO, 32.899, 6.091, 32.408, C2/c
    UMOQOF, 26.714, 4.901, 31.424, C2/c
    UMUSAY, 29.184, 4.945, 25.014, C2/c
    UNEBOF, 26.247, 4.978, 26.853, I2/a
    UNUDOX, 22.222, 4.048, 21.722, C2/c
    UQIPAO, 24.532, 4.700, 24.874, I2/a
  UQIPAO01, 24.532, 4.700, 24.874, I2/a
    UQUKOJ, 28.438, 28.438, 5.659, R3
    URANEI, 42.296, 42.296, 7.804, R-3
    URITIA, 55.846, 6.927, 44.338, C2
    USOBUC, 27.899, 46.912, 3.855, Fdd2
    UTAVUH, 46.000, 47.725, 8.984, Fdd2
    UTEJAG, 21.532, 3.741, 19.509, C2/c
    UVAQEO, 35.832, 35.832, 6.547, R-3
  UVAQEO01, 36.105, 36.105, 6.608, R-3
    UVETOF, 26.969, 26.969, 4.790, R3
    UVOWEK, 4.077, 22.810, 23.433, P21/n
    UWEHOV, 39.362, 4.994, 29.156, C2/c
    UWIHUF, 35.463, 40.287, 4.842, Fdd2
    UWIMET, 20.940, 3.520, 19.477, C2/c
    UXAQUI, 34.397, 4.458, 28.698, C2/c
    UXOMAX, 32.980, 24.683, 4.487, Fdd2
    UXOPEF, 74.827, 74.827, 12.783, I41/a
    UXUJED, 22.322, 22.322, 4.227, P42/n
  UYIDEN02, 28.095, 28.095, 3.714, R3
    UYIHIW, 22.141, 3.880, 31.682, I2/a
    UYUQAJ, 29.408, 79.439, 3.987, Fdd2
  UYUQAJ01, 29.383, 79.163, 3.971, Fdd2
  UYUQAJ02, 29.313, 78.645, 3.932, Fdd2
    UYUWET, 32.854, 5.870, 34.286, Pbca
    UZIWAD, 39.139, 39.139, 4.383, R-3
    UZOGOI, 4.459, 25.288, 23.919, P21/c
    UZOGUO, 4.574, 24.820, 23.867, P21/c
    UZOJIF, 4.367, 26.010, 24.906, P21/c
    UZOJOL, 4.295, 25.793, 24.356, P21/c
    UZOXIR, 32.389, 32.389, 3.811, R-3
    UZUDUR, 10.015, 50.535, 53.164, Ibca
    UZUNUB, 38.600, 29.552, 4.400, Fdd2
    UZUXUK, 20.864, 3.598, 20.240, C2/c
    VABDIP, 29.227, 5.293, 26.510, C2/c
    VACDEM, 23.985, 3.831, 23.922, C2/c
  VAFCEK01, 4.300, 22.600, 30.900, Unknown
    VAFROK, 37.752, 4.815, 28.406, C2/c
    VAFSII, 38.130, 5.523, 29.588, C2/c
  VAFSII01, 38.130, 5.523, 29.588, C2/c
    VAJCAO, 30.761, 27.427, 5.103, Fdd2
    VAJTIM, 49.881, 25.081, 4.647, Fdd2
    VAKPUU, 62.828, 62.828, 9.807, R-3
    VALTOS, 32.493, 32.493, 5.844, I41/a
    VAMZEQ, 32.877, 32.877, 4.420, R-3
  VANFOI01, 56.493, 56.493, 10.904, R-3
  VANFOI02, 56.162, 56.162, 10.887, R-3
  VANFOI03, 111.791, 111.791, 10.857, R-3
    VANJAY, 113.983, 113.983, 10.794, R-3
    VANSAH, 36.086, 4.842, 32.699, C2/c
    VAPGOL, 21.613, 3.887, 25.081, C2/c
    VAQGOL, 34.330, 34.330, 5.631, I41/a
    VAWWEZ, 41.074, 38.849, 7.436, Fdd2
    VAWXOJ, 31.832, 3.903, 21.837, C2/c
    VAYLOZ, 31.099, 31.099, 4.937, I41/a
  VAYQEV01, 42.858, 39.772, 3.718, Fdd2
  VEFLIB01, 28.760, 27.040, 5.170, Unknown
    VELNEH, 32.830, 32.830, 5.770, I41/a
    VEMQAI, 21.210, 33.297, 3.879, Fdd2
    VEQSOZ, 3.753, 22.259, 32.295, Am
    VEQVEV, 25.029, 4.211, 28.823, C2/c
    VERGOS, 24.732, 4.944, 50.615, C2/c
    VERZAX, 4.017, 20.363, 20.385, P21/n
    VEVBAZ, 56.130, 4.202, 22.306, C2/c
    VEVNUG, 48.357, 7.648, 40.843, Pna21
    VEWBAD, 25.305, 3.868, 19.775, C2/c
    VEYMEU, 29.689, 44.694, 4.888, Fdd2
    VIBFAQ, 44.778, 44.778, 7.658, I41cd
  VIFPUY06, 21.795, 21.795, 3.603, P6/mmm
    VIFXUG, 25.897, 5.158, 39.701, C2/c
    VIOLAN, 52.520, 3.800, 40.120, P21/c
    VIPSEU, 39.450, 5.447, 32.787, C2/c
  VIRJEO01, 70.734, 41.091, 6.456, Fdd2
    VISVAX, 27.181, 48.899, 5.076, Fdd2
    VIVSOL, 34.234, 36.110, 6.673, Fdd2
    VIXPOJ, 28.700, 28.700, 3.846, R-3
    VIYQUQ, 30.820, 4.090, 26.100, C2/c
    VIZQON, 37.478, 37.478, 6.487, R-3
    VOBYOC, 34.308, 4.103, 23.367, Cc
    VOJJUA, 30.337, 3.828, 21.000, C2/c
    VOJVUM, 21.387, 41.838, 3.801, Pnma
    VOLHUB, 27.978, 3.621, 28.082, C2/c
    VONBAB, 42.014, 5.054, 30.023, C2/c
    VOQGOZ, 35.361, 35.361, 6.667, R-3
    VOQRUO, 43.613, 3.857, 37.363, C2/c
    VOSKOD, 45.000, 4.354, 25.060, C2/c
  VOSKOD10, 45.000, 4.354, 25.060, C2/c
    VUBSIX, 30.313, 4.497, 22.935, P21/c
    VUFHAG, 22.801, 19.793, 3.907, Pnma
    VUFHIO, 25.578, 4.087, 42.620, P21/n
    VUFHUA, 19.777, 32.525, 3.750, Pnma
    VUPMEA, 25.818, 34.365, 4.450, Fdd2
    VURBOB, 32.820, 4.755, 28.504, C2/c
    VUWLEF, 31.076, 3.726, 22.879, C2/c
    VUXBIZ, 31.963, 5.701, 29.859, C2/c
    VUYPOX, 24.527, 4.514, 26.939, C2/c
    WADBIQ, 27.566, 40.173, 5.483, Fdd2
    WADDEO, 21.311, 3.887, 24.037, Cc
    WAGZOX, 41.500, 41.500, 4.762, P6
    WAGZUD, 43.261, 43.261, 4.351, P6
    WAJQOQ, 3.687, 19.704, 20.927, P21/n
    WAKHEZ, 34.119, 5.555, 32.378, Pca21
    WALGOF, 25.026, 26.182, 4.883, Fdd2
    WALWUE, 29.921, 29.921, 5.963, I41/a
    WAMTIR, 25.212, 45.091, 4.287, Fdd2
    WARHEE, 44.698, 43.079, 8.486, Fdd2
    WATFON, 25.373, 3.778, 21.480, C2/c
    WAVJIQ, 35.430, 3.989, 21.230, C2/c
    WAXWIF, 41.185, 41.185, 7.632, R-3
  WAXWIF01, 41.620, 41.620, 7.694, R-3
  WAXWIF02, 41.185, 41.185, 7.632, R-3
  WAXWIF03, 41.620, 41.620, 7.694, R-3
    WAYTAV, 37.857, 37.857, 6.101, R-3
    WAYWOK, 23.729, 59.830, 3.913, Fdd2
    WAZTEA, 29.379, 5.015, 30.200, C2/c
    WEBJOE, 49.590, 49.590, 9.917, P-3
    WEFROR, 21.815, 4.363, 22.010, P21/c
    WEGREI, 46.926, 46.926, 5.274, R-3
    WEHWEM, 46.263, 46.263, 7.203, R-3
    WEJZOC, 45.959, 96.658, 8.463, Fdd2
    WELQAJ, 33.982, 5.820, 38.172, P21
    WEMDEY, 38.565, 3.714, 29.750, C2/c
    WEMRAK, 41.432, 41.432, 7.784, I41/a
    WEPZOK, 34.373, 34.373, 5.239, R-3
    WEWTAW, 36.634, 36.634, 6.471, R-3
    WIFDAT, 20.679, 28.501, 4.118, Fdd2
    WIMJAE, 3.615, 21.216, 20.267, P21/c
    WIMVUJ, 34.320, 34.320, 6.840, I41cd
    WINLUD, 29.196, 29.196, 5.421, R-3
    WIQXID, 41.112, 4.257, 23.086, C2/c
    WIVRIE, 37.322, 72.640, 7.074, Fdd2
    WIWWOR, 44.021, 40.539, 5.033, Fdd2
    WIWYUY, 37.167, 3.837, 30.923, C2/c
    WODJEE, 37.314, 5.008, 25.474, C2/c
    WOHSAQ, 35.721, 3.792, 22.828, C2/c
    WOHXAT, 29.911, 5.647, 31.534, P21/c
    WORFOA, 36.726, 36.726, 5.692, P42/n
    WOWWIR, 30.640, 43.850, 5.371, Fdd2
    WOXJAX, 23.272, 4.615, 23.544, C2/c
    WOZQIO, 34.438, 34.438, 5.425, R-3
    WOZQUA, 35.747, 35.747, 4.946, R-3
    WUDNOY, 21.140, 3.842, 23.078, P21/c
    WUDTUM, 32.808, 35.031, 5.732, Pnma
    WUDVAU, 32.830, 34.911, 5.832, Pnma
    WUDVEY, 32.763, 34.950, 5.772, Pnma
    WUFDIM, 28.179, 4.711, 23.819, C2/c
    WUGSOI, 29.890, 29.890, 5.888, R3
    WUHNAO, 27.579, 32.870, 4.447, Fdd2
    WUJSAW, 36.848, 45.584, 6.240, Fdd2
    WUMWUX, 28.496, 4.022, 29.455, P21/n
    WURKAX, 29.627, 36.790, 5.865, Fdd2
    WUSFIC, 27.687, 3.866, 29.531, P21/n
    WUSNOQ, 19.405, 3.862, 22.122, P21/c
    WUTWEP, 18.639, 3.718, 20.389, C2/c
    WUXFAX, 23.489, 4.679, 34.741, P2/c
    XACQEY, 24.447, 40.453, 3.815, Fdd2
    XAHDOD, 44.944, 7.308, 52.154, P21/c
    XAHFIY, 33.508, 37.107, 6.693, Fdd2
    XAKLUT, 30.346, 5.846, 34.078, P21
    XALBAR, 23.432, 3.728, 24.539, I2/a
    XALKUT, 32.490, 5.540, 27.785, C2/c
    XAMVOA, 28.205, 28.205, 4.390, R-3
    XANFUQ, 24.248, 4.052, 30.236, C2/c
    XANGAX, 25.096, 4.352, 30.983, C2/c
    XAPGOO, 30.271, 3.941, 26.334, C2/c
    XATJAG, 26.744, 26.744, 4.997, P63
    XATKEL, 26.878, 26.878, 4.999, P63
    XATNEM, 33.932, 5.025, 30.407, C2/c
    XAVZUR, 5.452, 28.128, 33.292, P-1
    XAYTEY, 26.337, 28.349, 4.990, Fdd2
    XECNAY, 20.675, 3.747, 25.106, P21/n
  XECNAY01, 20.789, 3.827, 25.145, P21/n
    XECNIG, 52.879, 52.879, 5.363, R-3
    XEDJID, 40.871, 4.535, 26.260, C2/c
    XEFFAT, 30.162, 3.856, 27.390, C2/c
  XEFFAT01, 30.162, 3.856, 27.390, C2/c
    XEGFUO, 34.437, 4.352, 28.175, Pca21
    XEHPAC, 25.070, 3.893, 28.137, C2/c
    XEJPOT, 3.920, 27.682, 22.789, P21/n
    XEKDUO, 22.202, 22.202, 4.354, R3
    XELHEF, 49.850, 49.850, 4.923, R-3
    XELQIP, 26.491, 4.132, 25.218, C2/c
    XENQUD, 31.675, 3.614, 23.587, C2/c
    XENRAJ, 43.816, 5.922, 38.178, C2/c
  XENRAJ01, 43.816, 5.922, 38.178, C2/c
    XEPHIL, 30.938, 3.882, 28.169, C2/c
    XERJOV, 34.067, 60.070, 6.312, Cmcm
    XETNES, 59.125, 59.125, 10.678, R-3
    XETTAT, 35.555, 6.016, 37.465, C2/c
    XEYXUX, 31.023, 31.023, 5.922, R-3
    XEYYAB, 26.284, 4.014, 22.622, C2/c
    XEZLUL, 34.952, 6.106, 33.918, C2/c
    XIBHEV, 26.833, 26.833, 4.955, R-3
    XIJROZ, 32.190, 34.470, 5.894, Fdd2
    XIPVOK, 25.887, 32.562, 4.419, Fdd2
    XIQNER, 26.941, 4.320, 23.173, C2/c
    XIQYAY, 36.612, 36.612, 5.580, R-3
    XISTUR, 26.353, 3.886, 34.887, Pca21
    XISYEE, 54.515, 3.890, 26.331, C2/c
    XIVBOV, 38.307, 46.050, 3.783, Fdd2
    XIVNUL, 36.004, 36.004, 5.772, I41/a
    XIVSUT, 27.623, 54.155, 4.603, Fdd2
    XIXCAL, 4.626, 25.828, 25.953, Pbc21
    XIXWUZ, 20.912, 3.848, 30.360, Pna21
    XIZTOR, 4.104, 22.549, 25.954, Pbc21
    XOBMOS, 39.581, 39.581, 5.939, R-3
    XOCXOD, 43.752, 5.816, 36.668, C2/c
  XOFXIC02, 32.554, 32.554, 5.463, R-3
    XOJHIP, 23.710, 4.456, 25.332, I2/c
  XOJHIP01, 23.710, 4.456, 25.332, I2/c
    XOKROF, 23.232, 3.788, 20.064, C2/c
  XOKYON01, 31.797, 5.067, 25.628, C2/c
    XONFOV, 29.501, 4.052, 23.140, C2/c
    XOPRID, 42.271, 42.271, 8.215, R-3
    XORGES, 35.091, 35.091, 6.768, I41/a
    XOVQOR, 25.705, 5.020, 30.114, C2
  XOVQOR01, 25.705, 5.020, 30.114, C2
    XOVQUX, 32.369, 4.869, 26.474, C2
  XOVQUX01, 32.369, 4.869, 26.474, C2
    XOYZAN, 37.576, 37.576, 6.297, R-3
    XOZRAI, 31.262, 4.289, 25.694, C2/c
    XUDYAW, 52.458, 4.379, 23.597, C2/c
    XUFHEO, 37.624, 7.368, 42.797, C2/c
    XUGXII, 43.211, 43.211, 5.058, R-3
    XUHREY, 30.096, 4.044, 33.472, P2/c
    XUTFOK, 24.514, 3.876, 31.911, I2/a
    XUTJIF, 25.348, 26.884, 4.787, Fdd2
    XUVRAH, 27.450, 4.458, 24.325, C2/c
    XUWXAR, 69.300, 41.669, 7.574, Fdd2
    XUYSIW, 3.714, 22.537, 27.515, Pc
    XUYSOZ, 28.569, 4.653, 26.499, C2/c
    XUZXIC, 40.674, 32.910, 6.317, Fdd2
    YADZAH, 35.283, 35.283, 5.202, R-3
  YAFDOB01, 49.421, 3.806, 59.358, I2/a
    YAFPAA, 4.967, 31.476, 41.150, P212121
  YAFPAA01, 4.967, 31.476, 41.150, P212121
  YAFZAG01, 30.655, 3.834, 20.534, C2/c
    YAGQII, 32.983, 4.559, 29.344, C2/c
    YAHQIJ, 22.848, 31.212, 3.988, Pna21
    YAKNOQ, 37.550, 4.679, 36.473, C2/c
    YAKZUJ, 33.266, 4.866, 27.532, C2/c
    YANDOK, 41.285, 41.285, 6.346, P31
    YAQKAF, 37.719, 37.719, 6.374, I41/a
    YAQYOI, 58.934, 58.934, 5.779, R-3
    YAVLIT, 40.695, 40.695, 6.065, R3
    YAVYON, 5.467, 27.828, 32.842, P212121
    YAXDUA, 54.739, 5.622, 36.439, C2/c
    YAZWUV, 38.395, 38.395, 3.628, I41/a
    YECVAH, 34.534, 34.534, 6.102, I41/a
    YEJNAC, 3.823, 23.014, 25.437, P21/n
    YEJWEP, 34.826, 3.730, 20.703, C2/c
    YEPBUR, 24.277, 28.146, 3.811, Fdd2
  YEPBUR01, 28.149, 24.163, 3.718, Fdd2
  YEPBUR02, 24.240, 28.127, 3.755, Fdd2
    YETFUB, 28.985, 28.985, 5.527, R-3
    YEVWII, 35.191, 35.191, 4.393, P42/n
    YEWCAH, 3.868, 21.104, 26.023, P212121
    YEXNAR, 32.141, 32.141, 4.096, I41/a
    YEXVIJ, 26.980, 68.456, 4.883, Fdd2
    YEYREB, 33.110, 33.110, 6.380, R-3
    YEZJIY, 22.556, 22.556, 3.400, P6/m
    YEZJOE, 22.506, 22.506, 3.500, P6/m
    YICGEW, 26.591, 25.058, 4.934, Fdd2
    YIFKAC, 36.952, 3.830, 20.839, C2/c
    YIFSEN, 20.831, 3.905, 22.495, P21/n
    YINCUW, 25.250, 3.893, 27.458, C2/c
  YINCUW01, 25.250, 3.893, 27.458, C2/c
    YIPXON, 46.450, 46.450, 7.164, R-3
    YIRSEA, 3.849, 22.442, 34.923, P21/n
    YIRVOL, 58.347, 33.712, 5.321, Fdd2
    YIWNEA, 24.727, 24.727, 4.409, R3m
    YIZFEV, 29.895, 5.229, 43.158, C2/c
    YIZZIT, 36.542, 36.542, 4.623, R-3
    YOHPAP, 27.394, 3.868, 24.225, P21/c
    YOKQAQ, 28.049, 31.198, 3.727, Fdd2
    YOMQOH, 38.065, 3.812, 23.905, C2/c
    YOTCAM, 19.351, 3.623, 21.260, C2/c
    YOVJUR, 4.010, 21.385, 27.378, P-1
    YOWRUA, 49.902, 49.902, 5.074, R-3
    YOZFIE, 22.315, 3.841, 19.598, Pmna
  YOZFIE01, 22.252, 3.773, 19.653, Pmna
    YUCBIK, 22.171, 3.821, 23.525, P2/n
    YUCTAT, 36.710, 36.710, 4.915, I41/a
    YUDVAX, 26.847, 4.399, 31.726, I2/a
    YUFTUQ, 30.262, 51.480, 4.082, P21212
    YUFVEC, 20.785, 20.785, 4.119, P-3
    YUHNIB, 35.766, 4.501, 22.753, Pca21
    YUHSOM, 47.019, 8.060, 41.852, C2/c
    YUMVOU, 27.050, 5.296, 30.710, I2/c
    YUPZIV, 29.004, 37.698, 4.455, Fdd2
    YURWIS, 69.178, 69.178, 12.978, I41/acd
    YURWOY, 69.159, 69.159, 12.884, I41/acd
    YUTWAO, 31.536, 31.536, 5.268, I-4
    YUTYOC, 36.028, 36.028, 3.526, P6mm
    YUTYUI, 22.013, 22.013, 3.630, P-6m2
    YUWMUB, 28.057, 28.057, 5.273, I-4
    YUWNEM, 28.056, 28.056, 5.276, I-4
    YUWVAQ, 28.055, 28.055, 5.267, I-4
    ZABQUO, 31.253, 5.398, 31.124, C2/c
    ZABYIN, 4.591, 27.246, 26.757, Cmc21
  ZABYIN01, 4.622, 27.455, 26.933, Cmc21
  ZABYIN02, 4.621, 27.484, 26.923, Cmc21
  ZABYIN03, 4.621, 27.219, 26.841, Pbc21
    ZACBOX, 37.317, 37.317, 6.468, R-3
  ZACBOX01, 37.317, 37.317, 6.468, R-3
    ZACBUD, 37.920, 37.920, 6.610, R-3
  ZACBUD01, 37.920, 37.920, 6.610, R-3
    ZAFLEB, 5.394, 33.225, 47.458, P212121
  ZAFLEB01, 5.394, 33.225, 47.458, P212121
    ZAJZOC, 29.445, 33.630, 4.652, Fdd2
    ZAKLOQ, 20.947, 3.876, 21.177, I2/a
    ZAMRIO, 78.980, 5.836, 43.680, C2/c
    ZANBID, 3.878, 20.404, 19.868, P21
    ZANBOI, 31.076, 3.821, 25.757, C2/c
    ZANNIP, 32.818, 55.478, 3.961, Fdd2
  ZANNIP01, 32.778, 55.436, 3.973, Fdd2
  ZAQHIK01, 31.793, 39.349, 3.766, Fdd2
    ZARPIU, 28.912, 4.138, 24.070, C2/c
    ZASFAD, 43.536, 43.536, 8.684, R-3
    ZASFAE, 22.153, 31.700, 4.089, Fdd2
    ZASKAI, 24.652, 4.718, 25.656, P2/n
    ZAXPOG, 24.325, 60.576, 4.666, Fdd2
    ZAYXEG, 21.120, 4.208, 22.910, C2/c
  ZAYXEG01, 21.120, 4.208, 22.910, C2/c
    ZEFJEC, 28.253, 28.253, 4.250, P4/n
  ZEHFUR01, 36.829, 36.829, 6.048, R-3
    ZEHJEE, 36.594, 36.594, 6.719, R-3
    ZEJHEE, 54.801, 54.801, 6.184, P65
    ZEJHII, 54.916, 54.916, 6.187, P61
    ZEKQIR, 39.761, 30.556, 5.933, Fdd2
    ZEMSIX, 52.055, 51.432, 7.146, Fdd2
    ZEPSOF, 21.622, 3.811, 22.969, P21/n
    ZESRIB, 31.346, 40.527, 5.783, Fdd2
    ZEXDIS, 37.233, 42.675, 4.808, Fdd2
    ZEXFUG, 26.164, 3.809, 34.446, C2/c
    ZEXHAO, 3.826, 20.711, 21.259, P21/c
    ZEXMOH, 34.733, 3.893, 28.234, C2/c
    ZEXSED, 41.659, 24.658, 4.842, Fdd2
    ZIBDIB, 35.920, 35.920, 4.121, R-3
    ZICTAK, 36.943, 38.717, 5.503, Fdd2
    ZIDREL, 31.314, 44.687, 5.616, Fdd2
    ZIFVOC, 33.028, 33.028, 5.205, P31m
    ZIHFUR, 24.552, 24.552, 4.845, I-42d
    ZIMBUU, 38.522, 38.522, 3.903, R3
    ZINWAX, 26.685, 4.809, 36.125, C2
    ZINWEB, 28.206, 4.803, 35.888, C2
    ZIQBEG, 40.860, 40.860, 6.021, I41/a
    ZIQQAU, 41.767, 41.767, 6.461, I41/a
    ZIZVOV, 24.719, 24.719, 4.668, R-3
    ZIZVOW, 36.416, 36.416, 6.664, R3
    ZNTPBZ, 20.654, 4.078, 21.303, C2/c
    ZOCCOJ, 40.524, 31.409, 6.013, Fdd2
    ZOKQEY, 37.313, 37.313, 4.851, R-3
    ZOLHUG, 35.867, 35.867, 3.809, I41/a
    ZOPNAW, 4.738, 24.239, 24.486, P21/c
    ZUMHAT, 26.825, 4.068, 27.028, Pna21
    ZUNYAL, 32.086, 3.784, 21.699, I2/a
    ZUPCAO, 20.154, 3.960, 29.302, P21/c
    ZUQXUG, 33.128, 33.128, 6.342, I41/a
    ZUTROY, 25.745, 3.923, 24.901, P21/c
    ZUVRAM, 31.575, 4.384, 25.202, C2/c
    ZUWHEH, 51.852, 51.852, 6.875, R-3
    ZZZARY, 35.130, 86.300, 6.770, P212121
  ZZZNQS02, 37.700, 37.700, 4.080, R-3
  ZZZNVQ01, 26.100, 4.020, 24.600, C2/c
    ZZZNYS, 30.700, 5.850, 30.600, I2
    ZZZOFM, 26.190, 3.920, 28.820, A2/a
    ZZZOGS, 28.490, 3.940, 23.840, I*/a
    ZZZOHA, 42.200, 5.770, 33.340, A2/a
    ZZZOLW, 37.430, 3.740, 19.820, Ia
  ZZZOLW01, 41.202, 3.677, 19.597, C2/c
    ZZZOMW, 91.899, 7.414, 44.450, I*/a
  ZZZRHA01, 26.050, 39.390, 5.187, Fdd2
    ZZZRWK, 21.930, 30.750, 3.950, Pn*a
    ZZZSIU, 26.490, 34.390, 4.760, P212121
    ZZZSNQ, 19.560, 24.600, 3.620, Pb21a
    ZZZUFC, 21.490, 21.750, 4.040, Pnma
    ZZZVJN, 22.800, 22.800, 4.193, R3
    ZZZVJP, 22.800, 22.800, 4.193, R3
    BIJLIT, 51.001, 51.001, 9.263, R3
  BIJLIT01, 50.580, 50.580, 9.687, R3
  BIJLIT02, 50.735, 50.735, 9.374, R3
  BIJLIT03, 50.735, 50.735, 9.376, R3
  BIJLIT04, 50.741, 50.741, 9.379, R3
  BIJLIT05, 50.751, 50.751, 9.383, R3
  BIJLIT06, 50.759, 50.759, 9.387, R3
  BIJLIT07, 50.761, 50.761, 9.389, R3
  BIJLIT08, 50.771, 50.771, 9.393, R3
  BIJLIT09, 50.775, 50.775, 9.396, R3
  BIJLIT10, 50.784, 50.784, 9.398, R3
  BIJLIT11, 50.791, 50.791, 9.401, R3
  BIJLIT12, 50.796, 50.796, 9.403, R3
  BIJLIT13, 50.801, 50.801, 9.407, R3
  BIJLIT14, 50.806, 50.806, 9.410, R3
  BIJLIT15, 50.816, 50.816, 9.414, R3
  BIJLIT16, 50.820, 50.820, 9.417, R3
  BIJLIT17, 50.825, 50.825, 9.421, R3
  BIJLIT18, 50.829, 50.829, 9.425, R3
  BIJLIT19, 50.830, 50.830, 9.429, R3
  BIJLIT20, 50.833, 50.833, 9.434, R3
  BIJLIT21, 50.830, 50.830, 9.440, R3
  BIJLIT22, 50.825, 50.825, 9.448, R3
  BIJLIT23, 50.799, 50.799, 9.457, R3
  BIJLIT24, 50.740, 50.740, 9.493, R3
  BIJLIT25, 50.687, 50.687, 9.513, R3
  BIJLIT26, 50.672, 50.672, 9.521, R3
  BIJLIT27, 50.665, 50.665, 9.534, R3
  BIJLIT28, 50.659, 50.659, 9.549, R3
  BIJLIT29, 50.649, 50.649, 9.555, R3
  BIJLIT30, 50.649, 50.649, 9.562, R3
  BIJLIT31, 50.650, 50.650, 9.571, R3
  BIJLIT32, 50.638, 50.638, 9.581, R3
  BIJLIT33, 50.739, 50.739, 9.376, R3
  BIJLIT34, 50.743, 50.743, 9.378, R3
  BIJLIT35, 50.749, 50.749, 9.381, R3
  BIJLIT36, 50.756, 50.756, 9.384, R3
  BIJLIT37, 50.764, 50.764, 9.388, R3
  BIJLIT38, 50.769, 50.769, 9.390, R3
  BIJLIT39, 50.776, 50.776, 9.394, R3
  BIJLIT40, 50.782, 50.782, 9.397, R3
  BIJLIT41, 50.789, 50.789, 9.400, R3
  BIJLIT42, 50.795, 50.795, 9.402, R3
  BIJLIT43, 50.804, 50.804, 9.405, R3
  BIJLIT44, 50.808, 50.808, 9.408, R3
  BIJLIT45, 50.816, 50.816, 9.411, R3
  BIJLIT46, 50.822, 50.822, 9.414, R3
  BIJLIT47, 50.832, 50.832, 9.417, R3
  BIJLIT48, 50.836, 50.836, 9.421, R3
  BIJLIT49, 50.839, 50.839, 9.426, R3
  BIJLIT50, 50.843, 50.843, 9.431, R3
  BIJLIT51, 50.840, 50.840, 9.435, R3
  BIJLIT52, 50.839, 50.839, 9.442, R3
  BIJLIT53, 50.831, 50.831, 9.449, R3
  BIJLIT54, 50.815, 50.815, 9.457, R3
  BIJLIT55, 50.793, 50.793, 9.468, R3
  BIJLIT56, 50.756, 50.756, 9.481, R3
  BIJLIT57, 50.724, 50.724, 9.494, R3
  BIJLIT58, 50.706, 50.706, 9.505, R3
  BIJLIT59, 50.698, 50.698, 9.515, R3
  BIJLIT60, 50.697, 50.697, 9.522, R3
  BIJLIT61, 50.699, 50.699, 9.531, R3
  BIJLIT62, 50.686, 50.686, 9.545, R3
    BIJLUF, 50.393, 50.393, 9.404, R3
  BIJLUF01, 50.667, 50.667, 9.641, R3
  BIJLUF02, 50.717, 50.717, 9.399, R3
  BIJLUF03, 50.724, 50.724, 9.398, R3
  BIJLUF04, 50.741, 50.741, 9.403, R3
  BIJLUF05, 50.756, 50.756, 9.405, R3
  BIJLUF06, 50.769, 50.769, 9.413, R3
  BIJLUF07, 50.788, 50.788, 9.423, R3
  BIJLUF08, 50.796, 50.796, 9.425, R3
  BIJLUF09, 50.789, 50.789, 9.425, R3
  BIJLUF10, 50.792, 50.792, 9.430, R3
  BIJLUF11, 50.798, 50.798, 9.436, R3
  BIJLUF12, 50.805, 50.805, 9.441, R3
  BIJLUF13, 50.816, 50.816, 9.451, R3
  BIJLUF14, 50.806, 50.806, 9.454, R3
  BIJLUF15, 50.802, 50.802, 9.456, R3
  BIJLUF16, 50.814, 50.814, 9.465, R3
  BIJLUF17, 50.808, 50.808, 9.472, R3
  BIJLUF18, 50.818, 50.818, 9.481, R3
  BIJLUF19, 50.817, 50.817, 9.487, R3
  BIJLUF20, 50.816, 50.816, 9.493, R3
  BIJLUF21, 50.804, 50.804, 9.497, R3
  BIJLUF22, 50.803, 50.803, 9.506, R3
  BIJLUF23, 50.784, 50.784, 9.508, R3
  BIJLUF24, 50.789, 50.789, 9.519, R3
  BIJLUF25, 50.786, 50.786, 9.526, R3
  BIJLUF26, 50.776, 50.776, 9.533, R3
  BIJLUF27, 50.772, 50.772, 9.542, R3
  BIJLUF28, 50.763, 50.763, 9.549, R3
  BIJLUF29, 50.750, 50.750, 9.556, R3
  BIJLUF30, 50.745, 50.745, 9.564, R3
  BIJLUF31, 50.735, 50.735, 9.569, R3
  BIJLUF32, 50.730, 50.730, 9.576, R3
  BIJLUF33, 50.721, 50.721, 9.399, R3
  BIJLUF34, 50.753, 50.753, 9.407, R3
  BIJLUF35, 50.755, 50.755, 9.406, R3
  BIJLUF36, 50.775, 50.775, 9.411, R3
  BIJLUF37, 50.798, 50.798, 9.422, R3
  BIJLUF38, 50.775, 50.775, 9.415, R3
  BIJLUF39, 50.796, 50.796, 9.429, R3
  BIJLUF40, 50.789, 50.789, 9.431, R3
  BIJLUF41, 50.800, 50.800, 9.440, R3
  BIJLUF42, 50.767, 50.767, 9.448, R3
  BIJLUF43, 50.782, 50.782, 9.454, R3
  BIJLUF44, 50.787, 50.787, 9.458, R3
  BIJLUF45, 50.790, 50.790, 9.463, R3
  BIJLUF46, 50.799, 50.799, 9.468, R3
  BIJLUF47, 50.799, 50.799, 9.473, R3
  BIJLUF48, 50.806, 50.806, 9.479, R3
  BIJLUF49, 50.805, 50.805, 9.483, R3
  BIJLUF50, 50.810, 50.810, 9.488, R3
  BIJLUF51, 50.811, 50.811, 9.494, R3
  BIJLUF52, 50.821, 50.821, 9.500, R3
  BIJLUF53, 50.820, 50.820, 9.506, R3
  BIJLUF54, 50.827, 50.827, 9.510, R3
  BIJLUF55, 50.828, 50.828, 9.517, R3
  BIJLUF56, 50.824, 50.824, 9.522, R3
  BIJLUF57, 50.798, 50.798, 9.528, R3
  BIJLUF58, 50.804, 50.804, 9.537, R3
  BIJLUF59, 50.787, 50.787, 9.545, R3
  BIJLUF60, 50.765, 50.765, 9.552, R3
  BIJLUF61, 50.737, 50.737, 9.559, R3
  BIJLUF62, 50.733, 50.733, 9.568, R3
    BILFUB, 28.810, 26.445, 4.553, Fdd2
  CEJXIC01, 29.251, 4.108, 22.384, Pca21
    CIFVIA, 44.053, 44.053, 7.692, R3c
    CIKBEH, 53.349, 53.349, 5.091, R-3
    CILXAA, 19.927, 20.240, 3.737, Pnma
    HEXZIX, 62.309, 62.309, 9.493, R-3
    HIGFIQ, 33.382, 45.814, 5.966, Fdd2
  IBOKAO02, 33.998, 29.538, 5.683, Pnma
    IFELAK, 28.500, 51.120, 4.364, Fdd2
    IFUKUT, 35.317, 59.047, 5.893, Fdd2
    IFUPIM, 35.066, 59.522, 5.745, Fdd2
    IGABOL, 4.898, 28.365, 31.422, P212121
    JAPXAD, 46.283, 23.232, 3.715, Pmmm
    JAPXEH, 52.637, 28.703, 3.640, Pmmm
    JIHRAX, 21.738, 4.107, 26.956, C2/c
    JIJPUR, 26.295, 3.861, 25.311, C2/c
    MAZVES, 31.173, 5.397, 41.089, C2
    MEXGAB, 22.588, 3.847, 23.417, P21/c
    MICGAK, 65.789, 6.284, 48.154, C2/c
    MIFVUW, 37.327, 37.327, 4.663, R3
    MIHLAU, 34.903, 40.255, 6.321, Fdd2
  NONACT02, 28.527, 5.692, 28.519, P2/n
    ODOLIG, 19.606, 3.845, 20.687, C2/c
    ODUDEA, 33.890, 33.890, 3.971, R-3
    ODUDIE, 26.393, 27.818, 4.528, Fdd2
    PIDBEN, 26.536, 5.139, 35.053, Pca21
    PIHCAO, 21.779, 3.870, 24.330, Pca21
    QEWZOL, 39.953, 4.545, 42.305, I2/a
    QICJOF, 50.724, 5.792, 29.038, C2/c
  RAQFAU01, 33.168, 51.660, 6.332, Fdd2
    REYTIC, 48.183, 4.922, 27.175, C2/c
    RIDJUN, 3.960, 20.394, 20.747, P212121
    RIKYUJ, 51.797, 41.773, 6.550, Fdd2
    TASJAC, 48.467, 32.265, 4.409, Fdd2
  TUPKUK01, 3.920, 23.250, 24.730, P212121
    UFATAA, 30.695, 5.534, 28.794, C2/c
    UFIPIM, 36.784, 36.784, 6.519, I41/a
    UFOZIC, 37.211, 37.211, 5.343, R-3
    UGABIR, 4.679, 30.208, 24.978, P21/c
    VEZDUD, 46.929, 46.929, 8.365, I41/a
    XIGJUW, 29.742, 4.044, 21.075, C2/c
    ZINQAS, 27.933, 4.486, 28.207, P2/n
    AFALIG, 22.513, 40.192, 4.341, Fdd2
    AFAMED, 26.521, 4.656, 33.363, P2/c
    AFEJEE, 25.585, 4.680, 30.401, P21/c
    AFINAI, 39.250, 39.250, 4.744, I41/a
    AFINEM, 38.053, 38.053, 4.783, I41/a
    AFUTEE, 29.202, 4.498, 41.208, P21/c
    AGIRER, 24.470, 4.421, 32.626, C2/c
    HINFOD, 36.444, 5.513, 29.039, C2/c
  IFELAK01, 28.483, 51.078, 4.358, Fdd2
    KIKDER, 42.726, 54.923, 5.640, Fdd2
    KINNAA, 3.938, 19.981, 31.466, P-1
    LEXRIT, 24.192, 3.710, 24.714, Pna21
    LIKKID, 27.315, 3.817, 20.785, Pca21
    MIPZIY, 32.610, 4.930, 25.357, I2
    NILNAB, 25.140, 4.572, 25.895, C2/c
    QILCAT, 25.238, 4.988, 25.694, P21
    QILQIP, 22.930, 3.817, 30.714, I2/a
    QIRWUN, 52.135, 52.135, 8.529, R-3
    RIGMAZ, 31.247, 5.180, 39.019, C2/c
    SIHGOJ, 4.057, 32.925, 42.225, P-1
    SIJVOA, 30.449, 30.449, 6.056, R-3
    SIJVUG, 28.871, 28.871, 5.723, R-3
    SIKTEP, 56.264, 3.788, 23.837, C2/c
    TIHVEP, 61.420, 61.420, 10.648, R-3
    WEWNEV, 24.147, 4.622, 28.925, Pca21
    WEWZIL, 20.877, 3.833, 29.849, P21/c
  WEWZIL01, 20.877, 3.833, 29.849, P21/c
    WEYJIX, 25.560, 4.662, 27.760, P21/n
    WIDXEQ, 22.646, 3.724, 26.028, I2/a
    WIKBEB, 30.770, 30.770, 4.348, R3
    WILPUG, 24.351, 3.789, 27.794, P21/n
    WIPDUY, 19.329, 19.329, 3.759, I4/m
    WISHEP, 25.596, 4.066, 25.696, P21/n
  WISHEP01, 25.596, 4.071, 25.631, P21/n
    YITCIR, 26.853, 26.853, 5.057, I-4
    ZINLAN, 27.710, 3.863, 21.608, P21/c
